latitude[deg],longitude[deg],elevation[m],cumulativedistance[km]
50.76118,3.51985,135.0,0.0
50.76111,3.51957,138.0,0.02144669719880011
50.76087,3.51816,138.0,0.12445546558375054
50.76068,3.51681,141.0,0.22207390321254417
50.76061,3.51628,139.0,0.2603250831148658
50.7605,3.51579,139.0,0.2970011208878338
50.76029,3.51462,137.0,0.382821599018225
50.76025,3.51442,137.0,0.39761860498518325
50.76014,3.51406,137.0,0.4258142573559736
50.75978,3.51335,139.0,0.4899836816033642
50.75965,3.51258,140.0,0.546216469923915
50.75956,3.51234,141.0,0.565914896715698
50.75947,3.51213,142.0,0.5838261713217567
50.75913,3.51146,143.0,0.6443793870534836
50.75911,3.51125,145.0,0.6594964210014775
50.75909,3.51047,146.0,0.714588936058759
50.75903,3.51022,147.0,0.7334765480303278
50.75903,3.51015,147.0,0.7384159078554907
50.75875,3.50906,143.0,0.8214934621633168
50.7587,3.50884,140.0,0.8382543482021805
50.75872,3.50865,140.0,0.8518446214964264
50.75882,3.50804,138.0,0.8963471160518139
50.75883,3.50782,138.0,0.9119106737721018
50.75877,3.50728,138.0,0.9505946427822889
50.75872,3.50687,139.0,0.9800721440571036
50.7587,3.50646,139.0,1.0090882691671776
50.75868,3.50623,139.0,1.0254694909782573
50.75866,3.50591,139.0,1.0481589178102404
50.75855,3.50589,139.0,1.0604770949955027
50.75844,3.50526,136.0,1.1066827685585512
50.75852,3.50449,137.0,1.161749402596367
50.75842,3.50414,132.0,1.189293926089726
50.7584,3.50393,131.0,1.2043115983660644
50.75831,3.5034,129.0,1.2430786817122477
50.75823,3.50305,128.0,1.2693494307796507
50.75821,3.50274,128.0,1.2913369107162378
50.75838,3.50161,132.0,1.3733829499733128
50.75834,3.50133,134.0,1.3937340410809536
50.7583,3.50113,134.0,1.408531598973392
50.75827,3.50085,135.0,1.4285941356933614
50.75816,3.50067,135.0,1.4462313518586476
50.75807,3.50034,138.0,1.4717554454660031
50.75803,3.50003,138.0,1.4940781933611011
50.75803,3.49983,138.0,1.5081909308815118
50.75796,3.49962,140.0,1.5250499190531146
50.75781,3.49944,140.0,1.5460208826298745
50.75746,3.49919,135.0,1.5890584019286813
50.75714,3.49889,137.0,1.6305242140111387
50.75655,3.49876,126.0,1.6977039573827528
50.75655,3.49833,127.0,1.7280637190598134
50.75651,3.49811,127.0,1.7442133480996587
50.75637,3.49796,130.0,1.7632817135133283
50.75618,3.4978,129.0,1.7872658392808562
50.75609,3.49758,128.0,1.8057660107327056
50.75597,3.49728,127.0,1.8308135039467341
50.7559,3.497,118.0,1.853879613684623
50.75586,3.49672,118.0,1.8741331622356294
50.75593,3.49652,120.0,1.8903759065016146
50.75603,3.49621,130.0,1.9168768591238134
50.75634,3.49567,132.0,1.9683098779000918
50.75643,3.49555,132.0,1.9814227971302176
50.75668,3.49503,133.0,2.0274765230790446
50.75671,3.4946,134.0,2.0580191089266813
50.75666,3.49447,134.0,2.068747246144429
50.75656,3.49428,133.0,2.0861976779532565
50.75645,3.49421,133.0,2.099394088362901
50.75618,3.49426,131.0,2.1297030647061423
50.75609,3.49425,130.0,2.139789723975461
50.75598,3.49412,128.0,2.1552137705920402
50.75589,3.4939,120.0,2.1753447892002495
50.756,3.49365,130.0,2.1990296696719778
50.75627,3.49244,131.0,2.2895495724180632
50.75644,3.49148,129.0,2.3599117377755445
50.75651,3.49107,126.0,2.3900232401494024
50.75656,3.49085,125.0,2.4065443905279085
50.75618,3.49046,117.0,2.4576171733878494
50.75569,3.49006,104.0,2.5203636113599024
50.75578,3.48978,103.0,2.542536743420891
50.75575,3.48962,99.0,2.5549712597709817
50.75534,3.48932,96.0,2.605344833946035
50.75542,3.48904,95.0,2.6270384756164558
50.75551,3.48887,91.0,2.6431677997772294
50.75587,3.48833,92.0,2.698457330115715
50.75598,3.48818,96.0,2.7151242093890415
50.75613,3.48803,92.0,2.735285793941797
50.75638,3.48784,92.0,2.76616021576414
50.75673,3.48747,93.0,2.813050396645121
50.75694,3.48719,94.0,2.84366323998345
50.75707,3.48696,93.0,2.8654245673846193
50.75756,3.4864,91.0,2.932780864892712
50.75776,3.48612,97.0,2.9631353235235873
50.75784,3.48597,97.0,2.976964125837805
50.75802,3.485,93.0,3.0483916059612692
50.75819,3.48327,90.0,3.1719583369695874
50.75831,3.48235,90.0,3.2382344866169044
50.75815,3.48221,90.0,3.2585913878939765
50.75754,3.48159,89.0,3.3393374401294293
50.75641,3.48037,82.0,3.491858085364047
50.75617,3.47992,79.0,3.5334534887559865
50.75621,3.47971,75.0,3.5494346636131917
50.75645,3.479,72.0,3.6062852359277513
50.75692,3.47799,57.0,3.6959413291968097
50.75701,3.47775,56.0,3.715640314352495
50.75707,3.47747,55.0,3.736519242254885
50.75707,3.4773,55.0,3.7485151587657013
50.75707,3.4773,55.0,3.7485151587657013
50.75681,3.47726,55.0,3.7775761467348516
50.75664,3.47711,52.0,3.799454986633998
50.75644,3.47689,52.0,3.826584628376285
50.75621,3.47648,50.0,3.865258943603865
50.756,3.47597,46.0,3.9083509428663534
50.75596,3.47591,45.0,3.914574028448185
50.75553,3.47574,45.0,3.9638904044410057
50.75536,3.47563,45.0,3.984333009597348
50.7551,3.47539,42.0,4.017984164043131
50.75413,3.47473,40.0,4.135530395002257
50.75392,3.4758,43.0,4.214627021311349
50.75375,3.47653,45.0,4.2695403743416085
50.75349,3.47711,46.0,4.319668722560307
50.75306,3.47786,47.0,4.391016469022639
50.7525,3.47893,45.0,4.488928325655248
50.75244,3.47906,45.0,4.500273704477853
50.75154,3.48067,37.0,4.651923236818704
50.75149,3.48073,37.0,4.658913788391078
50.75143,3.48086,37.0,4.670259311956393
50.75257,3.48232,41.0,4.833706670457737
50.75261,3.48239,41.0,4.840355250474642
50.75261,3.48252,41.0,4.8495294501151776
50.75248,3.48292,40.0,4.881262423937681
50.75246,3.48305,40.0,4.890702578936571
50.75246,3.48333,40.0,4.910462453606404
50.7525,3.4838,41.0,4.943942893552162
50.75233,3.48582,48.0,5.087915739022379
50.75156,3.48546,42.0,5.1774633262496295
50.75096,3.48505,41.0,5.2502185743890335
50.75049,3.4845,38.0,5.31540551983824
50.74982,3.48404,35.0,5.39675770644173
50.74963,3.48475,37.0,5.451178169452869
50.74948,3.48558,37.0,5.5120860355231995
50.74937,3.48601,38.0,5.5448230125918885
50.74875,3.48608,33.0,5.6141515904586266
50.74836,3.4861,29.0,5.657743613841082
50.74702,3.48553,23.0,5.812260040179431
50.74699,3.48547,23.0,5.817651764485363
50.74696,3.48543,23.0,5.822023024255825
50.74664,3.48524,20.0,5.860181228608731
50.74527,3.48421,17.0,6.029062674032032
50.74523,3.48415,17.0,6.035205522039596
50.74521,3.48406,17.0,6.0419362242299455
50.74529,3.48352,17.0,6.081075482601479
50.74527,3.48331,17.0,6.096063654436877
50.74523,3.4832,17.0,6.105012370636902
50.74495,3.48299,16.0,6.139521923247356
50.74437,3.48275,16.0,6.206229926050926
50.74442,3.48138,17.0,6.303093427539016
50.74443,3.48054,17.0,6.3623934212448585
50.74433,3.47938,16.0,6.445027869401797
50.74428,3.47919,16.0,6.459546358032182
50.74422,3.47874,15.0,6.49201786803246
50.74419,3.4786,15.0,6.502447842508727
50.74413,3.47835,15.0,6.521313807716163
50.7439,3.47754,15.0,6.583950428986925
50.74334,3.47625,14.0,6.6942797390742275
50.74309,3.47579,14.0,6.737031072055068
50.74286,3.47549,14.0,6.770243208291384
50.74269,3.47528,13.0,6.794292321124212
50.74197,3.47438,13.0,6.896522397095213
50.74182,3.47419,13.0,6.9179305107987155
50.74177,3.47415,13.0,6.9241682825831905
50.74102,3.47325,13.0,7.029034340931793
50.73991,3.47187,18.0,7.186392498128559
50.73986,3.47179,19.0,7.194381766276757
50.74008,3.47159,18.0,7.222653167045203
50.74021,3.47153,17.0,7.237755421164446
50.74066,3.47144,16.0,7.288226458558389
50.74089,3.47112,16.0,7.3223567055950305
50.74117,3.47059,15.0,7.371047949457181
50.74145,3.47022,15.0,7.411696777172089
50.74158,3.47001,15.0,7.4324059566739455
50.74175,3.46962,15.0,7.46580478917768
50.74192,3.469,14.0,7.513490281009569
50.74212,3.46799,15.0,7.588180251545076
50.74216,3.46752,15.0,7.6216528612208405
50.74216,3.46709,15.0,7.652004923239364
50.74214,3.46689,15.0,7.666296408569899
50.74222,3.4667,15.0,7.6823919278953845
50.74227,3.46666,15.0,7.688629689772312
50.74229,3.46629,15.0,7.7148411098413066
50.74235,3.46604,15.0,7.733707721133998
50.74259,3.46548,15.0,7.781407524722863
50.74274,3.46522,15.0,7.8062116442035805
50.74379,3.46391,15.0,7.9551864964417085
50.74418,3.46329,15.0,8.016809132668213
50.74439,3.46293,15.0,8.051325880909875
50.74478,3.46226,15.0,8.115502457681044
50.74525,3.4614,13.0,8.195641157268263
50.74536,3.46123,13.0,8.21277917101116
50.74688,3.45831,14.0,8.479363832339372
50.74724,3.45769,15.0,8.538690544760726
50.74819,3.45588,13.0,8.704496415748913
50.74942,3.45363,11.0,8.914121463131378
50.74923,3.45334,12.0,8.94356013592386
50.74837,3.45243,14.0,9.058805229663456
50.74785,3.45181,14.0,9.13133795068259
50.7476,3.45162,14.0,9.162213016331522
50.74739,3.45153,14.0,9.186422368920246
50.74725,3.45147,14.0,9.20256194100056
50.74719,3.45144,14.0,9.20956435211945
50.74699,3.45072,14.0,9.26503817031336
50.74676,3.44959,14.0,9.348796188748224
50.74674,3.44949,14.0,9.356196486559138
50.74671,3.44939,14.0,9.364003665143537
50.7466,3.44915,14.0,9.384900343088034
50.74647,3.44904,14.0,9.401314239367002
50.74634,3.44878,14.0,9.424678528375079
50.7454,3.44597,16.0,9.648897347251976
50.74493,3.44475,16.0,9.749637330649785
50.74513,3.44457,16.0,9.775257958474832
50.74622,3.44376,14.0,9.909330286317097
50.7465,3.44344,14.0,9.947805204005991
50.74672,3.4431,14.0,9.982080773756117
50.74697,3.44248,15.0,10.033939266454592
50.74721,3.44173,15.0,10.093225237973073
50.74748,3.44063,15.0,10.176469061496698
50.74766,3.43992,15.0,10.230432099489844
50.74783,3.43933,14.0,10.276177113154631
50.74817,3.43846,13.0,10.348300719773116
50.74861,3.4376,13.0,10.426274053765823
50.7489,3.43716,12.0,10.47106326627598
50.7484,3.43614,12.0,10.562036066065508
50.74783,3.43518,12.0,10.654833194616742
50.74717,3.43404,12.0,10.763756454023794
50.74608,3.43527,12.0,10.912885116477144
50.74552,3.43581,12.0,10.9859158543464
50.74516,3.43607,12.0,11.029967904422831
50.7442,3.43653,13.0,11.141592686872897
50.74327,3.43694,12.0,11.249025179589543
50.74294,3.43628,13.0,11.308345503012553
50.74281,3.43579,14.0,11.345847229716586
50.74263,3.43494,14.0,11.409097991616674
50.74242,3.43399,14.0,11.480107128173861
50.74151,3.43095,14.0,11.717369976195913
50.74059,3.42823,14.0,11.934942734838286
50.73985,3.42635,15.0,12.091112205061128
50.73934,3.42505,14.0,12.199005495611972
50.73901,3.42528,14.0,12.239145919637156
50.7379,3.42594,14.0,12.37112342865898
50.73777,3.42613,14.0,12.390847463385388
50.73761,3.42615,14.0,12.40870233064074
50.73715,3.42639,14.0,12.462606126559443
50.73597,3.4271,14.0,12.603117103639251
50.73517,3.42756,15.0,12.697856972795734
50.73491,3.4278,15.0,12.731377580519741
50.73448,3.42692,15.0,12.809785249717239
50.73386,3.42548,15.0,12.932634882745099
50.7337,3.42559,15.0,12.952054236480672
50.73343,3.42589,15.0,12.988806460684806
50.73334,3.42589,15.0,12.998818369263196
50.73332,3.42574,15.0,13.009639480074785
50.73319,3.42527,15.0,13.04583576620012
50.73229,3.42196,17.0,13.300074904969618
50.73216,3.42168,18.0,13.324588694313798
50.73212,3.42162,18.0,13.330732351268844
50.73186,3.42125,18.0,13.369705999866621
50.73128,3.42044,17.0,13.455929088930178
50.73025,3.41894,15.0,13.611969483212887
50.72995,3.41844,15.0,13.660549317179267
50.7295,3.41758,14.0,13.73925062821688
50.72913,3.41705,14.0,13.794878613680359
50.72973,3.41628,13.0,13.880969842036285
50.73003,3.41606,14.0,13.917794179915315
50.73023,3.41583,14.0,13.945338830897478
50.73104,3.41473,14.0,14.064296670110123
50.73152,3.41407,14.0,14.13516671535064
50.73173,3.41372,14.0,14.169172015013197
50.73182,3.41353,14.0,14.185910675402775
50.73182,3.41344,14.0,14.192264830504275
50.7318,3.41334,14.0,14.199667268653512
50.7316,3.41295,14.0,14.235067347970626
50.73158,3.41276,14.0,14.248664994032483
50.7316,3.41261,14.0,14.259486486955684
50.73199,3.41198,15.0,14.32162860574213
50.73268,3.41106,17.0,14.422200288698198
50.73336,3.40999,17.0,14.529106020168777
50.73396,3.41074,16.0,14.614309661908479
50.73471,3.40917,14.0,14.753054871244771
50.73478,3.40911,14.0,14.7619194264249
50.73482,3.40907,14.0,14.76718957988208
50.7348,3.40898,14.0,14.77392160689417
50.73409,3.40832,13.0,14.865629499936551
50.73383,3.40802,13.0,14.90147820577843
50.7336,3.40769,12.0,14.93609643250078
50.73347,3.40752,12.0,14.954889607796796
50.73298,3.40666,12.0,15.03648402192608
50.73286,3.40649,12.0,15.054435329641638
50.73269,3.40652,13.0,15.073491195005975
50.73258,3.40627,13.0,15.094968284711141
50.7325,3.40617,13.0,15.106328084863229
50.73207,3.40557,13.0,15.17022311497894
50.73195,3.40533,13.0,15.191794206499496
50.7319,3.40527,13.0,15.198785787308793
50.73207,3.40497,13.0,15.22718034687988
50.73235,3.4045,13.0,15.272691742358749
50.73268,3.40398,12.0,15.324619029954572
50.73272,3.40389,12.0,15.332376212833555
50.73272,3.40383,12.0,15.336612233738677
50.73222,3.40276,12.0,15.430423118263954
50.73222,3.40261,12.0,15.441013283263455
50.73476,3.39926,13.0,15.80949102328227
50.73358,3.39847,13.0,15.952115223031624
50.73304,3.39799,12.0,16.021093158375017
50.7324,3.39735,12.0,16.105416637928123
50.73167,3.39651,12.0,16.20597400190551
50.73126,3.39596,12.0,16.265874881730376
50.73061,3.39497,12.0,16.366443571512434
50.73006,3.3939,13.0,16.463663381986333
50.72961,3.39295,12.0,16.547364848169
50.72918,3.39181,12.0,16.640996072255646
50.72888,3.39083,12.0,16.717817521713865
50.72866,3.39008,12.0,16.776154089232893
50.72849,3.38926,11.0,16.837069991903743
50.72845,3.38894,12.0,16.860119848707352
50.72836,3.3884,12.0,16.899540133254973
50.72832,3.38822,12.0,16.913005833625764
50.72825,3.38822,12.0,16.920792863116542
50.72818,3.38825,12.0,16.92886284797941
50.72798,3.38844,12.0,16.954843136081614
50.72784,3.38869,12.0,16.97838332861625
50.72771,3.38899,12.0,17.004031523203203
50.72757,3.38936,12.0,17.034446396025064
50.72749,3.38973,12.0,17.06204561402222
50.72742,3.38995,12.0,17.079421957228416
50.7272,3.38911,12.0,17.143583958420543
50.72701,3.38881,12.0,17.173507925836553
50.72692,3.38855,12.0,17.1944188472108
50.7269,3.38814,12.0,17.223453938193593
50.72692,3.3872,10.0,17.289893852780956
50.7269,3.3869,10.0,17.311193091138904
50.72671,3.38557,10.0,17.407452512068723
50.72641,3.38409,9.0,17.517158755009863
50.72635,3.38177,10.0,17.681112578440477
50.72628,3.38111,11.0,17.72837183755879
50.72623,3.38074,10.0,17.755101798005892
50.72619,3.38046,11.0,17.775391842642904
50.72615,3.38025,11.0,17.790873243530424
50.72557,3.38041,11.0,17.856375959969558
50.7246,3.38069,10.0,17.96608278180409
50.7239,3.37774,9.0,18.18847253417262
50.72379,3.37731,9.0,18.221209403927922
50.72008,3.36973,11.0,18.897118225747903
50.72019,3.36952,12.0,18.916370967877477
50.72053,3.36898,12.0,18.97008104668979
50.72068,3.36883,13.0,18.989871079447013
50.72086,3.36886,13.0,19.010006607992977
50.72093,3.36864,13.0,19.027384889090655
50.72089,3.36834,13.0,19.04903258268967
50.72066,3.36819,13.0,19.07672456424509
50.72042,3.36815,13.0,19.103571936040435
50.72008,3.36802,14.0,19.142505671288813
50.71946,3.36774,14.0,19.214254944419018
50.71933,3.36767,14.0,19.229538124763167
50.71911,3.36755,14.0,19.255437324481502
50.71892,3.36737,14.0,19.280101630289835
50.71849,3.36688,14.0,19.339140730962033
50.71828,3.36658,13.0,19.370694014957387
50.71798,3.36611,12.0,19.41777365557362
50.71791,3.36598,12.0,19.429812223918624
50.7172,3.36513,10.0,19.529038260827747
50.71692,3.36484,11.0,19.566329938215503
50.71675,3.36469,11.0,19.588006260491824
50.71605,3.36428,11.0,19.671085844644566
50.71409,3.36272,10.0,19.915380723930568
50.71363,3.36243,9.0,19.97050852319862
50.71305,3.36214,9.0,20.038202552001085
50.71266,3.36197,9.0,20.083218183182044
50.71222,3.36182,11.0,20.133338482117384
50.71039,3.36144,10.0,20.33867723728268
50.71029,3.36137,10.0,20.350850843706013
50.70997,3.36137,10.0,20.386448570177702
50.70922,3.36122,10.0,20.470550802744388
50.70845,3.36102,11.0,20.557370752166523
50.70766,3.36064,11.0,20.649260509319497
50.70701,3.36025,13.0,20.72666449005622
50.70656,3.35991,12.0,20.782196166258466
50.70585,3.35922,12.0,20.875007698900315
50.7045,3.35761,14.0,21.063402586793575
50.70238,3.35514,15.0,21.356773329086774
50.70145,3.35403,15.0,21.48659035869032
50.70105,3.35347,16.0,21.546140352492436
50.70092,3.35326,16.0,21.5668586227353
50.70081,3.353,16.0,21.58892988616647
50.70075,3.35278,16.0,21.60584507845849
50.70062,3.35253,16.0,21.628672427728773
50.70062,3.35252,16.0,21.62937891405814
50.70057,3.35249,16.0,21.635331184382277
50.7005,3.35261,16.0,21.646842539047793
50.70054,3.35266,16.0,21.652523918178037
50.70096,3.35197,18.0,21.72007579750455
50.70105,3.35186,18.0,21.732749794977444
50.70117,3.35167,18.0,21.751680705319465
50.70173,3.35083,20.0,21.837741637268145
50.70193,3.35053,22.0,21.868534295241187
50.70225,3.35004,22.0,21.918188306881927
50.70276,3.34926,23.0,21.9972842204796
50.70371,3.34785,22.0,22.14251306678405
50.70381,3.34768,22.0,22.158883086495166
50.70442,3.34671,20.0,22.255341854694457
50.70517,3.34542,18.0,22.37891115383027
50.70577,3.34602,18.0,22.457977394873083
50.70615,3.34544,17.0,22.516855387203208
50.70637,3.34512,17.0,22.55017098521184
50.70641,3.34499,17.0,22.560375449423606
50.70648,3.34474,17.0,22.57967602223509
50.70684,3.34383,16.0,22.655418842543845
50.70701,3.34347,15.0,22.687125733700785
50.70727,3.343,15.0,22.731157604846057
50.70731,3.34287,16.0,22.741410790606437
50.70744,3.34287,15.0,22.75590690572426
50.70746,3.34268,15.0,22.76951135263829
50.70776,3.34223,14.0,22.815610939805374
50.7078,3.34214,14.0,22.82337087537116
50.70787,3.34188,14.0,22.84331932869477
50.70796,3.34171,14.0,22.858953876431507
50.70815,3.34156,14.0,22.882597145201846
50.70871,3.34124,13.0,22.948874803328554
50.70894,3.341,13.0,22.979567327927114
50.70974,3.33989,14.0,23.098177626394392
50.70991,3.33959,14.0,23.126579595920905
50.71051,3.33835,14.0,23.236699431844144
50.71109,3.33705,14.0,23.34892451868586
50.71135,3.33635,14.0,23.406205827660038
50.71154,3.33592,13.0,23.44322190816779
50.71203,3.335,15.0,23.528061794371293
50.71228,3.33445,16.0,23.575848237368817
50.71285,3.33428,18.0,23.640414614568243
50.71316,3.33419,19.0,23.67549520449284
50.71338,3.33398,18.0,23.704129909340573
50.7136,3.3338,17.0,23.731726623020162
50.71463,3.33344,15.0,23.849111259732357
50.71449,3.33215,14.0,23.941547868941477
50.71448,3.33165,14.0,23.976879274585183
50.71416,3.32846,14.0,24.20497755056065
50.71412,3.3281,14.0,24.230790163313525
50.71404,3.32781,14.0,24.25312224588311
50.71391,3.32749,14.0,24.27995411099299
50.7114,3.32319,15.0,24.692513619538715
50.7095,3.3199,16.0,25.006643744652266
50.70936,3.3196,15.0,25.03296089208449
50.70915,3.31908,16.0,25.076502481408063
50.70846,3.31717,18.0,25.23173749556315
50.70836,3.31726,18.0,25.244550209652402
50.7083,3.31728,18.0,25.251372662049214
50.70773,3.31747,18.0,25.316185975073306
50.70753,3.31676,18.0,25.371052451108536
50.70744,3.31655,18.0,25.38894900367717
50.70708,3.31592,16.0,25.44885108744757
50.70684,3.31564,16.0,25.482077678766053
50.70654,3.31531,16.0,25.522785831239304
50.7063,3.31506,16.0,25.554796364756847
50.70606,3.31442,16.0,25.60730087303935
50.70598,3.31433,17.0,25.618283569007897
50.70591,3.31437,17.0,25.626567385571644
50.70557,3.31477,17.0,25.673779374512936
50.70551,3.31463,17.0,25.68571074558058
50.70466,3.31556,18.0,25.80085424840666
50.70354,3.31731,17.0,25.976375090027066
50.70294,3.31827,16.0,26.07153493974644
50.70272,3.3187,16.0,26.110544429497956
50.70248,3.31916,16.0,26.15260217101988
50.70228,3.31973,16.0,26.198607908651
50.70209,3.32037,16.0,26.248517906729916
50.70187,3.3215,16.0,26.33201569492285
50.70161,3.32315,16.0,26.452117828372263
50.70137,3.3239,16.0,26.51144961391422
50.70106,3.32488,16.0,26.58879746241395
50.70081,3.32555,17.0,26.643706192711715
50.70049,3.32624,17.0,26.704067759682435
50.70016,3.32696,18.0,26.766806273311918
50.70019,3.3271,18.0,26.777245022332945
50.70022,3.32727,18.0,26.789710440000167
50.70019,3.32767,18.0,26.818166524819965
50.70015,3.32823,17.0,26.85799214675811
50.70015,3.32862,17.0,26.88554539331502
50.70018,3.32873,17.0,26.89400308403967
50.7,3.32904,17.0,26.923678275738812
50.69995,3.3291,17.0,26.930671582402642
50.70059,3.33086,17.0,27.073954007701087
50.70062,3.33105,17.0,27.08778589194688
50.70061,3.33161,16.0,27.127377401062624
50.70027,3.33145,16.0,27.166852991613496
50.70011,3.33144,16.0,27.184665857039786
50.70003,3.33144,16.0,27.193565281593187
50.69984,3.33155,16.0,27.21608486740543
50.69947,3.33187,16.0,27.263045009331254
50.69934,3.33191,16.0,27.277780109974824
50.69912,3.33198,16.0,27.302748218859392
50.69887,3.33209,16.0,27.331624383649366
50.69862,3.33234,16.0,27.364569967404588
50.69814,3.33243,16.0,27.41834377527292
50.69797,3.33239,16.0,27.437465045993875
50.69779,3.33225,16.0,27.459798607395935
50.6976,3.33207,15.0,27.484486086403763
50.69748,3.33252,15.0,27.518968767217643
50.69741,3.33289,15.0,27.54624565484752
50.69717,3.33348,15.0,27.595748072823916
50.69695,3.33416,16.0,27.649676182413625
50.69684,3.33461,16.0,27.683744069873388
50.69669,3.33526,16.0,27.732606903397162
50.69657,3.33614,16.0,27.796199852751855
50.69593,3.33525,16.0,27.891189670158692
50.69587,3.33513,16.0,27.90198031107152
50.69581,3.33504,16.0,27.91119914916908
50.69563,3.33506,16.0,27.931272641088885
50.69432,3.33512,17.0,28.07706568340469
50.6939,3.33509,17.0,28.123835682986183
50.69355,3.33505,17.0,28.162873079478384
50.69299,3.33491,17.0,28.225949532567682
50.691,3.3342,18.0,28.45293846809568
50.69095,3.33419,19.0,28.458633787271015
50.69088,3.33423,19.0,28.466917895603263
50.69078,3.33411,19.0,28.480905498766536
50.69059,3.33388,18.0,28.507586631639914
50.69048,3.33355,18.0,28.533921304966498
50.69041,3.33338,18.0,28.548237247057372
50.69029,3.33316,18.0,28.568728224287185
50.69018,3.33293,17.0,28.589097058102602
50.68993,3.33267,17.0,28.622428597738512
50.68936,3.33195,17.0,28.703726039039427
50.68888,3.33128,17.0,28.775090182132573
50.68829,3.33066,17.0,28.85400355179287
50.68739,3.32957,17.0,28.980324512732796
50.68724,3.32938,18.0,29.00176561784014
50.68695,3.32904,17.0,29.042003019101987
50.68621,3.32843,18.0,29.13493227896204
50.68629,3.32825,18.0,29.15045691125102
50.68621,3.32678,18.0,29.254722659061816
50.68621,3.32615,18.0,29.299244950154527
50.68623,3.32375,17.0,29.468871168155854
50.68625,3.32332,17.0,29.499340711057663
50.68623,3.32266,17.0,29.546036107009748
50.68521,3.32311,18.0,29.663880147461327
50.68495,3.32192,20.0,29.752836892207963
50.68427,3.32252,20.0,29.839556137991405
50.68372,3.32302,20.0,29.91021094154054
50.6837,3.32349,18.0,29.943562202555075
50.68357,3.32371,18.0,29.96479627864821
50.68257,3.32392,19.0,30.077028969606776
50.68253,3.32412,19.0,30.09184796603092
50.68251,3.32489,18.0,30.14632301098464
50.68249,3.32587,17.0,30.215628303209034
50.68242,3.32613,17.0,30.23558588014566
50.68231,3.3263,17.0,30.252735071192287
50.68221,3.32637,17.0,30.26490984144868
50.68201,3.32641,17.0,30.28733723159836
50.68154,3.32639,17.0,30.339640298639296
50.68135,3.32645,17.0,30.36119758250978
50.68113,3.32658,17.0,30.387338848734593
50.68092,3.32682,17.0,30.416208676234636
50.68051,3.32755,16.0,30.48508026783287
50.68025,3.32843,17.0,30.553681129248837
50.67995,3.32918,17.0,30.616321030447104
50.6798,3.32959,17.0,30.649760544207997
50.67976,3.33059,17.0,30.720580422996473
50.67976,3.33244,17.0,30.85133838727947
50.67976,3.33248,17.0,30.854165586507325
50.67971,3.33452,21.0,30.99851554184285
50.67983,3.33453,21.0,31.01188334091392
50.68094,3.3348,21.0,31.13682847100429
50.68221,3.33544,21.0,31.285171139261873
50.68209,3.33797,22.0,31.46448291669431
50.68207,3.33843,21.0,31.497085505637187
50.68212,3.33859,21.0,31.509687633145727
50.68214,3.33905,21.0,31.542274845259357
50.6815,3.33914,20.0,31.613760655453238
50.68176,3.3407,17.0,31.727787054178485
50.68227,3.34411,12.0,31.975432210485497
50.6846,3.3437,17.0,32.236289744511296
50.68523,3.34365,16.0,32.306468686897716
50.68522,3.34432,16.0,32.35383183229446
50.68512,3.34467,16.0,32.38095334392114
50.6851,3.34609,17.0,32.48133713786125
50.68522,3.34638,16.0,32.50581645678154
50.68525,3.34662,15.0,32.52313177692784
50.68531,3.34664,15.0,32.52995434360281
50.68534,3.34663,15.0,32.53336562682622
50.68537,3.34642,15.0,32.548577249740006
50.68548,3.34692,15.0,32.58597176371432
50.68558,3.34744,14.0,32.62438065587015
50.6856,3.34751,14.0,32.6298049162868
50.68548,3.3474,14.0,32.6452526030079
50.68522,3.34763,14.0,32.67843015606767
50.68492,3.34786,14.0,32.7155509135138
50.6846,3.34807,13.0,32.754131348505325
50.68367,3.34862,13.0,32.86464804389317
50.68275,3.34915,13.0,32.97363047554989
50.68171,3.34974,12.0,33.09661204344015
50.68149,3.34972,13.0,33.12114654558582
50.68039,3.35035,12.0,33.25136660528627
50.67965,3.35076,12.0,33.338637640891854
50.6792,3.35104,12.0,33.39246675486276
50.67901,3.35114,12.0,33.41475330346751
50.67826,3.35158,13.0,33.50379858210423
50.67782,3.35185,13.0,33.556334112491996
50.67681,3.35241,13.0,33.675457525606504
50.67541,3.35327,13.0,33.84264024244993
50.67466,3.35366,12.0,33.93051424182595
50.67433,3.3538,13.0,33.96854786777831
50.67425,3.35394,13.0,33.981857133328376
50.67425,3.35411,13.0,33.993874129404496
50.67421,3.35428,13.0,34.00668849874552
50.67396,3.35541,13.0,34.091269323608806
50.67385,3.35595,13.0,34.131354615141696
50.67365,3.35702,12.0,34.21020242518056
50.67363,3.35737,13.0,34.23506357086798
50.6736,3.35757,13.0,34.24958994966051
50.67356,3.35765,13.0,34.2567858039976
50.67351,3.35773,13.0,34.26471787396189
50.67344,3.35783,13.0,34.27523484024606
50.6734,3.35796,13.0,34.28544508175063
50.67332,3.35821,14.0,34.305257004534425
50.67327,3.35833,14.0,34.315400687234124
50.67321,3.35847,14.0,34.327337663181034
50.67302,3.3587,14.0,34.354003680562535
50.67279,3.35888,14.0,34.38257876286181
50.67242,3.35903,13.0,34.42509406986482
50.67223,3.35903,13.0,34.44623009206734
50.67203,3.35898,13.0,34.468757551526465
50.67186,3.35885,13.0,34.48978342090878
50.67174,3.35872,12.0,34.50602080411338
50.67159,3.35853,12.0,34.52744132347763
50.67146,3.35836,12.0,34.54624449896625
50.6712,3.35802,12.0,34.58385091283524
50.67105,3.35763,12.0,34.61607747075154
50.67099,3.35738,12.0,34.63496909819505
50.67095,3.3571,12.0,34.655257152454496
50.67079,3.35598,13.0,34.736415700895215
50.67068,3.35525,13.0,34.78945286031168
50.6706,3.35506,13.0,34.8055653360088
50.67049,3.35495,13.0,34.82006383443401
50.67034,3.35493,13.0,34.83680995610901
50.66987,3.35517,13.0,34.89177781954573
50.66965,3.35538,13.0,34.92040199275178
50.66927,3.35602,12.0,34.982329682942215
50.66907,3.35629,12.0,35.01164417641743
50.66869,3.35647,12.0,35.05579003718511
50.66834,3.35658,11.0,35.09550641265041
50.66804,3.35662,11.0,35.128998644012334
50.66789,3.35665,11.0,35.14581921074502
50.6677,3.35657,11.0,35.16769885601922
50.66754,3.35645,11.0,35.187416093883726
50.66745,3.35631,11.0,35.20149450637702
50.66738,3.3562,11.0,35.21249976064809
50.66733,3.35604,11.0,35.22510504069654
50.66728,3.3558,11.0,35.242961098299
50.66729,3.35558,11.0,35.25855453149713
50.6674,3.35521,11.0,35.2874335987346
50.6675,3.35503,11.0,35.304336018417125
50.66764,3.35481,12.0,35.326369197537595
50.66782,3.35468,12.0,35.34840129865889
50.66806,3.35454,12.0,35.37687502317492
50.66833,3.3544,12.0,35.408499168846014
50.66852,3.35427,12.0,35.431546899411316
50.66865,3.3541,12.0,35.450350548999666
50.66874,3.35386,12.0,35.47005133216746
50.66878,3.35362,12.0,35.48759224950309
50.66879,3.35335,12.0,35.50671266747806
50.66877,3.35301,12.0,35.53085219502133
50.66878,3.35286,12.0,35.54151484612345
50.66882,3.3527,13.0,35.5537110745053
50.66869,3.35252,12.0,35.573000170519144
50.66781,3.35208,12.0,35.67571669670411
50.6663,3.35159,12.0,35.84722733183682
50.66531,3.35125,13.0,35.95995436327755
50.66447,3.35097,13.0,36.055471721986095
50.66417,3.3508,14.0,36.09095694610197
50.66388,3.3506,14.0,36.12618024178563
50.66336,3.35024,14.0,36.18937855350791
50.66273,3.34969,13.0,36.26953349649168
50.66209,3.34903,12.0,36.35466530076558
50.66138,3.34837,11.0,36.446408964753076
50.66097,3.34791,13.0,36.502463541440804
50.66045,3.34745,13.0,36.568826764311325
50.65995,3.34704,12.0,36.63155763350546
50.65913,3.34664,12.0,36.72706045524209
50.65862,3.34648,12.0,36.78491095278482
50.65798,3.34635,13.0,36.85670377550166
50.65753,3.34631,13.0,36.90684249705616
50.65689,3.34634,13.0,36.978068932742076
50.65622,3.34642,12.0,37.052822091123076
50.65562,3.34664,12.0,37.12135637055839
50.65493,3.34698,12.0,37.201790936354946
50.65424,3.34741,11.0,37.284357896896736
50.65352,3.34804,11.0,37.37600953505886
50.65304,3.34839,11.0,37.434863563985544
50.65279,3.34861,11.0,37.46673026611221
50.65304,3.3491,12.0,37.51117400507283
50.65323,3.34943,12.0,37.542660041730414
50.65335,3.34977,12.0,37.57016174102354
50.6534,3.3501,12.0,37.594152853666365
50.6534,3.3505,12.0,37.62244065801243
50.65343,3.35097,12.0,37.655845934855805
50.65353,3.35161,12.0,37.70245336126932
50.65371,3.35199,12.0,37.73596627643733
50.65396,3.35222,12.0,37.768184020279165
50.65423,3.3523,12.0,37.7987475008381
50.65452,3.35242,12.0,37.832105132709245
50.65467,3.35258,12.0,37.85226592168527
50.65479,3.35288,12.0,37.877331504714874
50.65525,3.35495,13.0,38.03240529492301
50.65538,3.35567,13.0,38.08533516380916
50.65538,3.35599,13.0,38.10796445950192
50.65529,3.35638,13.0,38.137304931460584
50.65512,3.35664,14.0,38.16369980371988
50.65497,3.35672,14.0,38.18131905245457
50.65481,3.3567,15.0,38.19920184632531
50.65462,3.35652,14.0,38.223895175053656
50.65439,3.35625,14.0,38.25582007100127
50.65425,3.35728,14.0,38.33030608727525
50.65484,3.35755,14.0,38.398659781438404
50.65504,3.35769,13.0,38.42303207120072
50.6552,3.35783,13.0,38.44339898491283
50.65538,3.35787,13.0,38.463621337852466
50.65558,3.35788,13.0,38.4858809533689
50.65599,3.35786,12.0,38.53152301023077
50.65659,3.35789,11.0,38.59830933621081
50.6569,3.35796,11.0,38.633147775418976
50.65716,3.35808,11.0,38.66328978211462
50.65759,3.35831,10.0,38.71382307945193
50.65761,3.35837,10.0,38.71861381822915
50.65753,3.36008,12.0,38.839876992078345
50.65753,3.36012,12.0,38.84270552446791
50.65736,3.36284,16.0,39.0360149683798
50.65725,3.36478,19.0,39.1737768928482
50.65727,3.36484,19.0,39.17856766544301
50.65736,3.36491,19.0,39.18973627814186
50.65811,3.36519,18.0,39.2754908495737
50.65815,3.36527,18.0,39.28268816100327
50.65857,3.36799,19.0,39.48062107474072
50.65903,3.371,21.0,39.69953669750329
50.65911,3.37124,21.0,39.7186992175074
50.65925,3.37142,22.0,39.73883742599789
50.65941,3.37162,21.0,39.761592542239015
50.65967,3.37208,21.0,39.80511872361865
50.6599,3.37245,23.0,39.841767259262454
50.65999,3.37272,23.0,39.86332478755092
50.66008,3.37296,23.0,39.88302828513208
50.66008,3.37303,23.0,39.88797795730546
50.65933,3.37424,26.0,40.0075197286901
50.65888,3.37583,29.0,40.130627649264945
50.6588,3.37626,29.0,40.162309209372026
50.65871,3.37699,30.0,40.21490018280703
50.65871,3.37787,30.0,40.27712651143615
50.65871,3.3783,31.0,40.30754900041093
50.65871,3.37907,31.0,40.36199704648105
50.65867,3.37973,31.0,40.408878466225495
50.65856,3.38042,31.0,40.4591807251721
50.65839,3.38154,36.0,40.54075823778639
50.65813,3.38263,38.0,40.62310716225529
50.65804,3.383,38.0,40.65112103058078
50.65802,3.38306,38.0,40.655911756127466
50.658,3.3833,39.0,40.673057248318905
50.65826,3.38632,45.0,40.88864296818353
50.65824,3.38639,46.0,40.894161236984
50.65817,3.38641,47.0,40.90213852548336
50.65772,3.38639,46.0,40.95222762129416
50.65736,3.38647,50.0,40.99286984546052
50.65659,3.38684,53.0,41.08248381314735
50.65596,3.38722,56.0,41.157601783039794
50.65566,3.38741,58.0,41.19363333965151
50.65541,3.38775,59.0,41.23041015259651
50.65589,3.38831,64.0,41.297076894531266
50.65661,3.3892,74.0,41.39943055007621
50.65676,3.38945,77.0,41.423925005860276
50.65704,3.39012,89.0,41.48188171362071
50.65689,3.391,95.0,41.54658810602917
50.65648,3.39297,107.0,41.69366440170306
50.65616,3.39424,114.0,41.79052501238962
50.65605,3.39467,116.0,41.8233639221242
50.65607,3.39477,116.0,41.830777324576815
50.65601,3.39518,116.0,41.86052952945159
50.65575,3.39636,118.0,41.94886862663458
50.65575,3.39669,118.0,41.97220528788894
50.65575,3.3969,118.0,41.987055890505346
50.65575,3.39707,118.0,41.999077806909135
50.65592,3.39806,122.0,42.07170717988721
50.65594,3.39851,125.0,42.10374824073131
50.65579,3.39902,127.0,42.14353739982406
50.65567,3.39964,128.0,42.18938020124534
50.65511,3.39954,131.0,42.25214863760791
50.65502,3.3995,131.0,42.262552530367095
50.65504,3.39932,130.0,42.27551344676557
50.65504,3.39914,129.0,42.28828196855211
50.65478,3.39874,127.0,42.32878803497698
50.65458,3.39866,127.0,42.35174485051305
50.65439,3.39849,128.0,42.37608164164519
50.6543,3.39854,127.0,42.386746640088845
50.65427,3.39868,127.0,42.39719470242261
50.65416,3.39843,127.0,42.418696292954756
50.65403,3.39821,127.0,42.43993782905644
50.65388,3.39808,125.0,42.459094132525586
50.65352,3.39767,119.0,42.50889926274339
50.65343,3.39761,118.0,42.51981914576773
50.65307,3.39726,115.0,42.56699431637289
50.65285,3.39701,111.0,42.597450029396924
50.65263,3.39667,107.0,42.63199180157067
50.65248,3.39667,103.0,42.649151051499835
50.65219,3.39674,102.0,42.681804586409484
50.65208,3.39671,101.0,42.69426412388685
50.65199,3.39666,99.0,42.70506886200198
50.65167,3.39641,90.0,42.74582193826191
50.65154,3.39628,88.0,42.763074988525744
50.65144,3.39619,87.0,42.775930519801285
50.6512,3.39589,86.0,42.810047440442744
50.65111,3.39581,85.0,42.8215908138533
50.65058,3.39551,79.0,42.884537703566174
50.64983,3.39535,75.0,42.96882875648963
50.64976,3.39516,76.0,42.984391973277205
50.64976,3.39456,73.0,43.0269332852113
50.64976,3.3945,73.0,43.03117682427178
50.64987,3.39366,70.0,43.0919075529892
50.64973,3.39365,70.0,43.107497593726606
50.64912,3.39349,67.0,43.17635813859401
50.6489,3.39356,68.0,43.20134730438713
50.64891,3.39317,67.0,43.22897131399079
50.6488,3.39273,66.0,43.2624254915488
50.6487,3.39237,64.0,43.290283164876215
50.64868,3.39212,63.0,43.3081324113777
50.64869,3.39195,63.0,43.320207378864666
50.64826,3.39032,54.0,43.44534694722187
50.64823,3.39004,53.0,43.46545481279097
50.64824,3.38958,51.0,43.498069949917124
50.64824,3.38941,51.0,43.51009365714945
50.64817,3.38923,51.0,43.52501729922372
50.64761,3.38841,47.0,43.610225421755906
50.64741,3.38823,45.0,43.63593683736361
50.64695,3.3879,43.0,43.69221563036195
50.64665,3.38773,41.0,43.72774467720831
50.64603,3.38747,40.0,43.79913145906568
50.64549,3.38728,38.0,43.86071962806862
50.64489,3.38725,35.0,43.927565969609695
50.64465,3.38735,35.0,43.95518515940018
50.64414,3.38766,32.0,44.016082536562955
50.64395,3.38769,31.0,44.03734829796537
50.64298,3.38761,29.0,44.14541978931682
50.64191,3.38771,26.0,44.26469635663507
50.64147,3.38772,24.0,44.31368871870706
50.64061,3.38762,23.0,44.40962305041628
50.6404,3.38656,23.0,44.48816110357222
50.64018,3.3856,22.0,44.560352996275434
50.63988,3.38454,21.0,44.64243427386463
50.63985,3.38447,21.0,44.64840566624983
50.63997,3.38435,21.0,44.66422513149648
50.63996,3.38424,21.0,44.67208562018444
50.63981,3.38278,22.0,44.776709919520854
50.63976,3.38195,21.0,44.83569550727771
50.63973,3.38145,21.0,44.871222652720704
50.6392,3.38132,21.0,44.930893675639325
50.63871,3.3813,21.0,44.9854204776257
50.63868,3.38087,20.0,45.016038252176344
50.63832,3.38085,21.0,45.05612272609969
50.63808,3.38081,21.0,45.08297027540599
50.63732,3.38051,19.0,45.17015999319001
50.63753,3.37988,19.0,45.22047968376424
50.63789,3.37899,20.0,45.29510475014034
50.63791,3.37892,20.0,45.300533580322444
50.638,3.37877,20.0,45.315122526889695
50.63811,3.37833,20.0,45.34856814267029
50.63768,3.37811,19.0,45.398880211982885
50.63759,3.37803,19.0,45.41038084764372
50.6371,3.37688,19.0,45.50830859011012
50.63663,3.37671,19.0,45.561957541498735
50.63599,3.37639,19.0,45.63666482646477
50.63536,3.37617,17.0,45.70848236966314
50.63519,3.37622,17.0,45.727721425940565
50.63502,3.3763,17.0,45.74746126918483
50.63483,3.37651,18.0,45.773315762066794
50.63463,3.3754,16.0,45.85496085758972
50.63451,3.37461,16.0,45.912423669628865
50.63436,3.37372,17.0,45.977570548413865
50.63423,3.37317,17.0,46.01908247212447
50.63403,3.37265,17.0,46.06207588893388
50.63375,3.37201,17.0,46.117033938599064
50.63343,3.37143,17.0,46.171357097661115
50.63309,3.37085,16.0,46.22717263619009
50.63195,3.36875,14.0,46.42252157122728
50.63186,3.3686,14.0,46.43711148774047
50.63179,3.36846,15.0,46.44975072138884
50.63175,3.36856,15.0,46.4581088278074
50.63135,3.36907,16.0,46.51540612388796
50.63116,3.36933,16.0,46.54342626528985
50.63082,3.36952,16.0,46.58356637807972
50.62906,3.37115,14.0,46.8108037257856
50.62822,3.37199,14.0,46.921547333370135
50.62796,3.37219,14.0,46.953746576246715
50.6278,3.3718,14.0,46.98658414307271
50.62806,3.37156,14.0,47.02012381809353
50.62794,3.37117,14.0,47.050778440743535
50.62798,3.37111,14.0,47.05692851337163
50.62775,3.37031,15.0,47.119056539932096
50.62747,3.37056,16.0,47.154890788449926
50.62684,3.37143,15.0,47.24817619296939
50.62663,3.37209,15.0,47.3003943403639
50.6261,3.37307,14.0,47.391420461184914
50.62543,3.37408,14.0,47.49468100167988
50.62503,3.37477,14.0,47.56074071872386
50.62451,3.37577,14.0,47.6521378388248
50.62436,3.3759,14.0,47.671191823530286
50.62417,3.37593,15.0,47.692457545532626
50.62412,3.37614,15.0,47.708324677837766
50.624,3.37643,15.0,47.73280577733066
50.62393,3.37657,15.0,47.74540668241206
50.62351,3.3771,15.0,47.80531918531216
50.62306,3.37758,16.0,47.86582229050264
50.62275,3.3779,16.0,47.907077519996996
50.622,3.37844,16.0,47.99884361976471
50.62116,3.37889,15.0,48.09756878358472
50.62037,3.37908,15.0,48.18647207680667
50.61984,3.37914,15.0,48.245582649563836
50.61976,3.37909,15.0,48.255159627896454
50.619,3.37914,16.0,48.339782905771344
50.6176,3.37889,17.0,48.49652565534341
50.61694,3.37907,16.0,48.57104860240363
50.61617,3.37951,16.0,48.66218949137323
50.61421,3.38182,16.0,48.934712455262535
50.61383,3.38232,17.0,48.989851341656674
50.61298,3.38331,19.0,49.107557362845334
50.61287,3.3833,19.0,49.1198143471813
50.61276,3.38323,19.0,49.133015903378286
50.61266,3.38335,19.0,49.147011924281976
50.61269,3.38354,19.0,49.160868146166635
50.61261,3.38373,19.0,49.17699437879717
50.6122,3.38422,20.0,49.23430113047166
50.61176,3.38477,20.0,49.29684124314027
50.6113,3.3854,19.0,49.36472345657428
50.61118,3.38518,19.0,49.38523415007946
50.61061,3.38434,20.0,49.472163808931256
50.61057,3.38432,20.0,49.47683323015015
50.60978,3.38318,21.0,49.59614608434464
50.60958,3.38362,21.0,49.63442174420126
50.60934,3.38419,21.0,49.682802724478734
50.6092,3.38467,22.0,49.72019246704601
50.60903,3.38562,21.0,49.79005487066417
50.60871,3.38661,20.0,49.86866253651245
50.60834,3.38787,22.0,49.96691333200768
50.60768,3.3884,22.0,50.04936292711751
50.60734,3.38796,25.0,50.09845096649489
50.6071,3.38767,26.0,50.13214382668928
50.60679,3.38812,26.0,50.17909012381113
50.6066,3.38836,28.0,50.206281445513
50.60652,3.38826,29.0,50.217696775084484
50.60629,3.3884,29.0,50.24513466221994
50.60611,3.38844,29.0,50.26535731042905
50.60602,3.38844,30.0,50.275418839429925
50.60594,3.3884,30.0,50.28475777365906
50.60574,3.38813,32.0,50.31415699746462
50.60574,3.38813,32.0,50.31415699746462
50.60561,3.38797,32.0,50.33252608499272
50.60518,3.38757,33.0,50.388121983874534
50.60473,3.3871,35.0,50.44826280411951
50.60426,3.38657,38.0,50.51268590581326
50.60375,3.38594,38.0,50.58485112717952
50.60324,3.38529,41.0,50.65796178641849
50.60262,3.38444,40.0,50.749498622678296
50.60235,3.38409,41.0,50.788448520540854
50.60152,3.38304,41.0,50.90698487993522
50.60101,3.38238,41.0,50.980483388087826
50.60085,3.38213,43.0,51.005664101542315
50.6008,3.38203,43.0,51.014667503967964
50.60015,3.37979,43.0,51.188963809932076
50.6005,3.37957,43.0,51.23089830591301
50.60122,3.37918,40.0,51.315670980999016
50.60163,3.379,40.0,51.363026820698934
50.60194,3.37874,38.0,51.40216798202547
50.60253,3.37838,37.0,51.47258235143701
50.60267,3.37827,36.0,51.49002336047264
50.60235,3.37765,39.0,51.54661675706657
50.60227,3.37759,39.0,51.55647786105507
50.60223,3.37747,39.0,51.56606819246984
50.60209,3.37687,40.0,51.611322209811554
50.60261,3.37657,40.0,51.67294358883802
50.60266,3.37646,40.0,51.68251347451645
50.60259,3.37525,42.0,51.76855312201528
50.60248,3.37349,42.0,51.893753816529916
50.60251,3.37325,42.0,51.91106955001324
50.60245,3.37312,42.0,51.922438517099046
50.60238,3.37282,41.0,51.945081992355654
50.60235,3.37259,41.0,51.96170363759599
50.60228,3.37211,40.0,51.99658104834125
50.60223,3.37175,39.0,52.02268683195817
50.60218,3.37134,39.0,52.05224155361579
50.60216,3.37065,39.0,52.10114191452723
50.60214,3.37028,39.0,52.127431016523225
50.60214,3.36995,39.0,52.15079394240976
50.60216,3.36976,39.0,52.1644280702795
50.60218,3.36958,39.0,52.17736423084856
50.60215,3.36945,39.0,52.18715416993452
50.60158,3.36761,40.0,52.332036717657545
50.60134,3.36625,42.0,52.431974591554415
50.60123,3.36571,42.0,52.47211607789836
50.60094,3.36425,45.0,52.580440412806716
50.60077,3.36368,47.0,52.62505181024133
50.60065,3.36319,47.0,52.66222297158446
50.60028,3.36081,49.0,52.83569104943737
50.60025,3.36069,49.0,52.84481894835368
50.60018,3.36063,49.0,52.85368919221081
50.59994,3.36062,49.0,52.8803965294067
50.5996,3.36061,49.0,52.91822525109677
50.59945,3.36057,50.0,52.93517961084685
50.59935,3.3605,50.0,52.94735783963346
50.59922,3.36038,51.0,52.96416010800114
50.59906,3.36019,51.0,52.986470527702764
50.59889,3.36007,51.0,53.00720246411849
50.59873,3.36001,51.0,53.02550104049902
50.59844,3.35998,51.0,53.05783091755619
50.59826,3.36005,52.0,53.078482863767455
50.59804,3.36026,52.0,53.10711866729444
50.59778,3.36054,52.0,53.14218366819279
50.59762,3.36067,51.0,53.16224640643537
50.59748,3.36071,50.0,53.17810718753276
50.59728,3.36075,50.0,53.20053501299098
50.59675,3.36073,49.0,53.25951844353703
50.59621,3.36066,49.0,53.319792923674946
50.59565,3.36056,50.0,53.38249718655025
50.59499,3.36043,53.0,53.4565520939668
50.5947,3.36037,53.0,53.489090657320155
50.59437,3.36025,55.0,53.5268239230455
50.5942,3.3602,57.0,53.546167204136914
50.59405,3.36022,57.0,53.56291341603537
50.59386,3.36023,58.0,53.58408478783367
50.59348,3.36016,58.0,53.62664616823384
50.59301,3.36021,59.0,53.67905895342899
50.59249,3.36031,58.0,53.73734490788822
50.59221,3.3604,58.0,53.76913782354522
50.59163,3.36061,57.0,53.83535693114363
50.59106,3.36084,57.0,53.90082290043498
50.59024,3.3611,54.0,53.993928772968886
50.5888,3.36154,49.0,54.15719514721202
50.58834,3.36171,48.0,54.20977274362456
50.58801,3.36199,48.0,54.25149544022764
50.58763,3.36251,47.0,54.30756693411977
50.58739,3.36286,46.0,54.34401074121679
50.58707,3.36323,46.0,54.388212111871574
50.58539,3.3646,45.0,54.59878458455513
50.58497,3.36424,45.0,54.65200979684534
50.58456,3.36365,45.0,54.71386604188241
50.58403,3.36297,45.0,54.78999362298442
50.58391,3.36282,45.0,54.80705395804703
50.58348,3.36216,46.0,54.87394249518852
50.58317,3.36176,47.0,54.91858314287812
50.5829,3.36149,47.0,54.9541892061049
50.58269,3.36137,47.0,54.9790478824753
50.58241,3.36134,47.0,55.01026777732024
50.58235,3.36132,47.0,55.01709090294458
50.58185,3.36104,47.0,55.07614117200736
50.58129,3.36054,46.0,55.14780571551569
50.58071,3.35975,45.0,55.233214819524775
50.58027,3.35911,45.0,55.29992757697418
50.5801,3.35889,45.0,55.324431465310475
50.57993,3.35866,43.0,55.349471794308336
50.57968,3.35825,43.0,55.389680693861195
50.57951,3.35792,43.0,55.41974684024062
50.57929,3.35739,43.0,55.46455987688379
50.57893,3.35628,42.0,55.552799791598936
50.57868,3.35632,42.0,55.58075397729239
50.57797,3.35654,38.0,55.66135694056059
50.57747,3.35675,36.0,55.71896680109362
50.57686,3.35616,36.0,55.79866085306632
50.57678,3.35614,36.0,55.807672174115034
50.57609,3.3562,37.0,55.88455240203466
50.57594,3.35624,37.0,55.90147738129269
50.57616,3.35725,35.0,55.977117977369915
50.57643,3.35842,34.0,56.065275678438496
50.57574,3.359,37.0,56.152387450032606
50.57473,3.35906,42.0,56.26493216321149
50.57376,3.35926,47.0,56.37387675875196
50.57366,3.35925,47.0,56.38502338385073
50.57336,3.35918,49.0,56.41882129318823
50.57313,3.35909,50.0,56.44520807457668
50.57275,3.35891,50.0,56.48936100597464
50.57252,3.35882,51.0,56.51574780877658
50.57194,3.35869,52.0,56.58092919797194
50.57163,3.35855,53.0,56.61682572084284
50.5714,3.35845,53.0,56.64337381166866
50.57079,3.35805,51.0,56.71693723797905
50.57033,3.35788,51.0,56.76950624137254
50.57009,3.35788,50.0,56.796222782805906
50.56974,3.35786,49.0,56.83519570047288
50.56936,3.35767,49.0,56.87955866617481
50.56867,3.35732,47.0,56.96024551713777
50.56812,3.35706,45.0,57.024172036352425
50.5667,3.35654,46.0,57.186376392880014
50.56505,3.35591,46.0,57.37527315670421
50.56438,3.35554,46.0,57.45428056548077
50.56386,3.35516,49.0,57.518155387230784
50.56336,3.35474,49.0,57.581236462614484
50.56317,3.35455,48.0,57.606315497060784
50.56309,3.35445,48.0,57.61769098053985
50.56293,3.35446,48.0,57.63550359615612
50.56264,3.35434,48.0,57.668865122479815
50.56148,3.3537,52.0,57.80569939124942
50.56092,3.35328,53.0,57.87474526789073
50.56038,3.35296,52.0,57.938960208720694
50.55992,3.35268,51.0,57.99385192501811
50.55896,3.35226,50.0,58.10471709949927
50.55887,3.35289,50.0,58.1504688123018
50.55883,3.35343,51.0,58.18900500235922
50.55879,3.35386,51.0,58.21979878139145
50.55877,3.35439,52.0,58.25743472496084
50.55877,3.35532,53.0,58.323343919147774
50.55879,3.35604,54.0,58.37442279029464
50.55879,3.35692,56.0,58.43681336303806
50.55881,3.35803,58.0,58.51552699686678
50.55885,3.35939,60.0,58.6120226124709
50.55891,3.36066,63.0,58.702314216593194
50.55895,3.36129,63.0,58.747178366592294
50.55895,3.36178,64.0,58.781915043468786
50.55893,3.3621,64.0,58.80469970653183
50.55888,3.36232,64.0,58.82125181632341
50.55871,3.36302,64.0,58.87433782182207
50.55846,3.364,65.0,58.94915113623867
50.55816,3.36505,67.0,59.03072288883393
50.5578,3.36629,67.0,59.127288737059494
50.55771,3.3666,66.0,59.151450994529185
50.55772,3.3668,66.0,59.16566731870235
50.55777,3.3669,66.0,59.17467580978906
50.55873,3.36834,66.0,59.32238181887859
50.55884,3.36841,66.0,59.33558549681
50.55895,3.36843,66.0,59.347903802634754
50.559,3.36848,66.0,59.354498487294926
50.55861,3.36904,64.0,59.4133278038827
50.55838,3.36939,62.0,59.44901737777747
50.55813,3.36966,62.0,59.48277354256215
50.55791,3.36984,60.0,59.51044350283599
50.55776,3.36988,59.0,59.52739818886249
50.55692,3.36996,54.0,59.6211456854043
50.55585,3.36998,46.0,59.74045013372628
50.55501,3.37001,43.0,59.83396449267752
50.55486,3.37002,43.0,59.850665608801556
50.55473,3.36995,43.0,59.865954073223214
50.55452,3.36979,43.0,59.89192104162303
50.55405,3.36932,42.0,59.953920654155425
50.55349,3.36893,41.0,60.02207884815912
50.55306,3.36863,39.0,60.07446264785679
50.55287,3.36847,39.0,60.09844797535376
50.55245,3.36804,40.0,60.15423815623443
50.55183,3.36725,41.0,60.24307768444959
50.55155,3.36704,43.0,60.27765607772451
50.55109,3.36679,43.0,60.331807404378544
50.55074,3.36766,42.0,60.40473769993453
50.54968,3.36978,39.0,60.595759252711574
50.54913,3.37064,39.0,60.68212216805545
50.54965,3.37122,38.0,60.75309333482737
50.5498,3.37164,37.0,60.78723329078792
50.55004,3.37262,36.0,60.86165180003498
50.54988,3.37269,36.0,60.88012877446977
50.54975,3.37277,36.0,60.89566184870471
50.54943,3.3733,35.0,60.94742278007688
50.54932,3.37391,35.0,60.992355299974236
50.54924,3.37414,35.0,61.010927703988294
50.54871,3.37486,35.0,61.08890290928151
50.54877,3.37521,34.0,61.11461144431712
50.54876,3.37541,34.0,61.12883037262712
50.54871,3.37567,34.0,61.14807941967956
50.54859,3.37596,34.0,61.17258800123017
50.54839,3.37623,34.0,61.20193410273711
50.5483,3.37629,34.0,61.21281148636823
50.54817,3.37638,34.0,61.22861713221576
50.54798,3.37637,34.0,61.24976465178513
50.54787,3.3764,34.0,61.26218444829323
50.54775,3.37653,34.0,61.27840455556365
50.5477,3.37667,33.0,61.289823885745534
50.54759,3.37672,34.0,61.30260235823336
50.54742,3.37695,33.0,61.32758990410144
50.54729,3.37708,33.0,61.344737187939536
50.54711,3.37716,33.0,61.36554781865319
50.54692,3.37718,33.0,61.38673093616047
50.54604,3.37707,34.0,61.48493737993582
50.54598,3.37726,33.0,61.500001165418546
50.54598,3.37745,33.0,61.51346853693727
50.54612,3.37889,32.0,61.6167229984343
50.54612,3.37908,32.0,61.63019032796952
50.54611,3.37982,32.0,61.68265383265661
50.54592,3.3801,33.0,61.71166423891243
50.54588,3.38188,32.0,61.837914848090996
50.546,3.38338,31.0,61.94507563847999
50.5461,3.38497,30.0,62.05832814072783
50.54605,3.3851,30.0,62.069091170315595
50.54593,3.38502,31.0,62.083628880051066
50.54501,3.38473,32.0,62.18801851490563
50.54496,3.38467,32.0,62.19502018817781
50.54491,3.3846,32.0,62.20247371660925
50.54484,3.38474,32.0,62.215087651319685
50.54455,3.38699,32.0,62.377803896682
50.54451,3.38717,32.0,62.391316476957726
50.54409,3.3868,32.0,62.44489525243862
50.54381,3.38666,32.0,62.47758516601604
50.54353,3.38655,33.0,62.509709101735226
50.54306,3.38653,32.0,62.56202071826697
50.54271,3.3865,32.0,62.60101277520129
50.54245,3.38656,31.0,62.630263337469195
50.54236,3.38658,31.0,62.64037482368086
50.54233,3.38631,31.0,62.659802897728035
50.54232,3.38594,31.0,62.68605443018855
50.54235,3.38517,31.0,62.740738839496146
50.54228,3.38499,31.0,62.75568676070799
50.54198,3.3844,31.0,62.80919250684242
50.54189,3.38406,31.0,62.83529073357007
50.54163,3.38306,31.0,62.91185117844535
50.54155,3.38276,31.0,62.93490434947325
50.54145,3.38238,31.0,62.96404814537617
50.54136,3.38215,31.0,62.98318079960012
50.54126,3.38203,31.0,62.99718453990314
50.54088,3.38176,30.0,63.04359776465882
50.54021,3.38136,30.0,63.123340347011705
50.53895,3.38077,28.0,63.269623780577746
50.53822,3.38055,29.0,63.35231911214659
50.538,3.38045,29.0,63.377798021299775
50.53731,3.38011,29.0,63.458249268802064
50.53736,3.3797,30.0,63.48785999867915
50.53789,3.37728,28.0,63.66928067317983
50.53764,3.37718,27.0,63.697997445070584
50.53687,3.37677,29.0,63.78847170827986
50.53569,3.37607,31.0,63.9288170563597
50.53556,3.37596,31.0,63.94524703510737
50.53524,3.37565,31.0,63.987081973522834
50.53438,3.37457,31.0,64.10961736104817
50.53384,3.3739,31.0,64.18619934183859
50.53367,3.37373,31.0,64.20862453102056
50.53244,3.37256,31.0,64.3686318389683
50.53216,3.37228,31.0,64.40556776627528
50.53202,3.37218,31.0,64.42267936605673
50.53187,3.37215,31.0,64.43950036998366
50.53145,3.37231,31.0,64.48757865553831
50.53061,3.37267,32.0,64.58444888507637
50.52914,3.37323,37.0,64.75279754847624
50.52747,3.37387,41.0,64.94407261077133
50.52739,3.37398,39.0,64.95607407356997
50.52602,3.3763,39.0,65.18032654842305
50.5259,3.37639,41.0,65.19525704972521
50.52482,3.37608,44.0,65.31742760326684
50.52359,3.37571,45.0,65.45674934130125
50.52339,3.37569,45.0,65.47904248771594
50.52316,3.37563,45.0,65.50497905861204
50.5228,3.37539,46.0,65.54850356765111
50.5221,3.37468,49.0,65.6412807309929
50.52201,3.37466,49.0,65.65139229647266
50.52194,3.37466,49.0,65.65917909391551
50.5218,3.37487,47.0,65.68081995120265
50.52171,3.37497,46.0,65.69312948834855
50.52164,3.37497,46.0,65.7009162817234
50.52097,3.37424,50.0,65.79175121371404
50.5206,3.37383,52.0,65.8421843633432
50.52015,3.37321,52.0,65.90881146756105
50.51988,3.37291,53.0,65.94563208182235
50.51935,3.37303,52.0,66.00520874116843
50.51779,3.37346,48.0,66.18144772908423
50.51625,3.37383,49.0,66.35475828999893
50.51632,3.374,48.0,66.36914626224477
50.51694,3.37568,44.0,66.50687922581375
50.51741,3.37697,43.0,66.61226093286017
50.51752,3.37737,43.0,66.64315684590721
50.51758,3.37778,43.0,66.67299168150407
50.51767,3.37855,44.0,66.72852189781388
50.51782,3.37971,44.0,66.81246802274012
50.51787,3.37983,44.0,66.82263508534537
50.51788,3.37984,44.0,66.8239543421641
50.51874,3.38023,44.0,66.92353893542175
50.51881,3.38033,44.0,66.9340714123024
50.51887,3.38053,44.0,66.94974760390897
50.51904,3.38139,44.0,67.01360450789713
50.51947,3.38355,42.0,67.17410071678586
50.51979,3.38463,42.0,67.25856247868677
50.51988,3.38505,42.0,67.28998645257036
50.52127,3.38568,39.0,67.45096340926335
50.52121,3.386,39.0,67.4746183223122
50.52089,3.3875,41.0,67.58681147720387
50.52061,3.38902,41.0,67.69901775452499
50.52058,3.38912,42.0,67.70691914517278
50.52055,3.38922,42.0,67.71475700504892
50.52054,3.38943,42.0,67.72969150753235
50.52033,3.39017,40.0,67.7871709354998
50.52036,3.3903,40.0,67.79697585525618
50.52087,3.39138,40.0,67.89229094490436
50.52145,3.3925,39.0,67.99462654357392
50.52245,3.39486,37.0,68.19559673012549
50.52271,3.39548,37.0,68.24822448694525
50.52288,3.39591,37.0,68.28410603755474
50.52314,3.3966,36.0,68.34095499273232
50.52344,3.39735,36.0,68.40374399196243
50.52344,3.39748,36.0,68.41296290560238
50.52338,3.39759,36.0,68.42322921769743
50.52245,3.39913,35.0,68.57366296362568
50.52245,3.39922,35.0,68.58004542098026
50.5223,3.39988,34.0,68.62974558733887
50.5223,3.40035,34.0,68.66307629840355
50.52233,3.40065,34.0,68.6846113596459
50.52239,3.40093,34.0,68.70555964599318
50.52301,3.40278,34.0,68.85377773015232
50.52273,3.40289,34.0,68.88588682936654
50.52265,3.40301,34.0,68.89819998210835
50.52198,3.40509,31.0,69.06349318057369
50.52145,3.40688,30.0,69.20346162827934
50.5214,3.40694,30.0,69.21046456854744
50.52205,3.40718,31.0,69.28475325138096
50.52226,3.40731,31.0,69.30986694750301
50.52245,3.4075,31.0,69.33493210404102
50.52299,3.40814,32.0,69.41022640534436
50.52368,3.4089,33.0,69.50401921670509
50.52408,3.40926,33.0,69.55531850002296
50.52483,3.40992,34.0,69.6509847141362
50.5249,3.40999,34.0,69.6602191111414
50.52494,3.41087,34.0,69.72278052962047
50.52499,3.41106,34.0,69.7373567807492
50.52507,3.4113,34.0,69.756561995445
50.52524,3.41164,34.0,69.78720371352242
50.52636,3.41323,33.0,69.95523817946638
50.52629,3.41355,33.0,69.97922838239126
50.52627,3.41366,33.0,69.98733961002279
50.52625,3.41486,33.0,70.07246124236023
50.52611,3.41575,33.0,70.13746478616906
50.52604,3.41634,32.0,70.18003233662994
50.52606,3.41713,32.0,70.2360960016261
50.52612,3.41767,31.0,70.27497797205854
50.52413,3.41849,30.0,70.50385683753005
50.52329,3.41872,29.0,70.59871622707348
50.52247,3.41889,28.0,70.6907313695891
50.52245,3.41898,27.0,70.69756403731724
50.52245,3.41965,27.0,70.74507782703554
50.52209,3.41958,27.0,70.78543058331027
50.52136,3.41941,26.0,70.86753160821361
50.52106,3.41934,25.0,70.90128549666082
50.52058,3.41923,24.0,70.9552565873837
50.52054,3.41914,24.0,70.96303718104629
50.52009,3.41902,25.0,71.01382306930007
50.51945,3.41896,24.0,71.08515040837291
50.51919,3.41897,24.0,71.11408136615835
50.51893,3.41883,25.0,71.14467681816468
50.51882,3.41887,24.0,71.15727744651318
50.51883,3.41894,24.0,71.16236505242203
50.51883,3.41904,24.0,71.16945720197407
50.51885,3.41926,23.0,71.18524943736242
50.519,3.41984,21.0,71.22968429212187
50.51906,3.42029,21.0,71.2622892600941
50.51874,3.42035,20.0,71.29815325425692
50.51883,3.42143,16.0,71.37550348444057
50.51788,3.42138,18.0,71.4812592460565
50.51763,3.42143,17.0,71.5093120892647
50.51743,3.42151,17.0,71.53227205967535
50.51739,3.42153,17.0,71.53694225847788
50.51647,3.42214,19.0,71.64806952537306
50.51598,3.42249,18.0,71.70797166730486
50.51589,3.42258,19.0,71.71988710554966
50.51569,3.42273,19.0,71.74454787683554
50.51564,3.42258,19.0,71.75655296914655
50.51576,3.42249,19.0,71.77134943696761
50.51578,3.42257,19.0,71.77744409704539
50.5158,3.42266,19.0,71.78420403039544
50.51592,3.42309,17.0,71.81755555292737
50.51599,3.42334,17.0,71.83692142864267
50.51614,3.42322,17.0,71.85565261430149
50.5161,3.42307,18.0,71.86722772719837
50.51655,3.42304,18.0,71.9173306192876
50.51741,3.42265,16.0,72.0169350669967
50.51771,3.42256,16.0,72.05091182906087
50.51831,3.42248,16.0,72.11789614445286
50.51893,3.42248,16.0,72.18686452474692
50.51934,3.4225,16.0,72.23249470243697
50.52011,3.42265,17.0,72.31881287370429
50.52057,3.42282,17.0,72.37138409836712
50.52134,3.42323,16.0,72.46184460823056
50.52207,3.42377,16.0,72.55162621078874
50.52259,3.42425,16.0,72.61874319488037
50.52301,3.42475,16.0,72.67739522182622
50.52362,3.42553,17.0,72.76494533282633
50.52404,3.42606,17.0,72.82490696087551
50.52578,3.42827,15.0,73.07396143031413
50.52623,3.42876,16.0,73.13490467050549
50.52672,3.42922,16.0,73.19842649292578
50.5273,3.42964,17.0,73.26949440050188
50.52797,3.43001,17.0,73.34850782657755
50.52855,3.43027,17.0,73.41560904766365
50.5293,3.4305,18.0,73.50062359762288
50.5291,3.43175,15.0,73.59205477920945
50.529,3.43243,14.0,73.64154758165117
50.52893,3.43256,14.0,73.65361413181425
50.52874,3.43263,14.0,73.6753246190491
50.52825,3.43271,13.0,73.73013545686096
50.5281,3.43269,13.0,73.74688153120964
50.52792,3.43263,13.0,73.76735163100551
50.52769,3.43248,13.0,73.79505947210929
50.52726,3.43211,14.0,73.84962435274551
50.52647,3.43136,15.0,73.95234764525607
50.52625,3.43127,15.0,73.9776387670008
50.52606,3.43134,15.0,73.9993493123968
50.52578,3.43155,15.0,74.03387304454246
50.52531,3.43209,15.0,74.09867852281315
50.52514,3.43243,15.0,74.12932012177511
50.52503,3.43271,14.0,74.15266457359297
50.52484,3.43323,15.0,74.19517842714257
50.52466,3.43381,15.0,74.24092272445529
50.5246,3.43413,15.0,74.26457599013438
50.52456,3.43471,15.0,74.30594538998106
50.52438,3.43906,16.0,74.61506751041237
50.52434,3.43996,17.0,74.67905205944969
50.52434,3.44007,17.0,74.68685250712917
50.52439,3.44021,17.0,74.6982322035729
50.52451,3.44043,17.0,74.71876450767887
50.52548,3.4419,16.0,74.86879805134075
50.52571,3.44246,15.0,74.91604743740135
50.52593,3.44308,14.0,74.96637449395323
50.52664,3.44496,13.0,75.1213283982055
50.52702,3.44597,13.0,75.2044911449974
50.52752,3.44715,14.0,75.30496804654864
50.52784,3.44803,13.0,75.3768135244129
50.52823,3.44906,14.0,75.46176764276596
50.52859,3.44994,15.0,75.53591771585931
50.52902,3.45125,16.0,75.64040251735297
50.52881,3.45133,16.0,75.66444167046491
50.52782,3.45181,16.0,75.7797082887947
50.5274,3.45201,17.0,75.82854406388374
50.52721,3.45211,17.0,75.8508373384858
50.52699,3.45226,17.0,75.87752150255083
50.52705,3.45249,18.0,75.8951718314988
50.52708,3.4527,18.0,75.91043210551172
50.52718,3.45337,18.0,75.95922605638373
50.52723,3.45371,18.0,75.98396833508178
50.52725,3.45378,18.0,75.98940774628987
50.52697,3.45415,19.0,76.03014452800396
50.52668,3.45455,18.0,76.07311168965549
50.5266,3.45467,18.0,76.08542432498237
50.52654,3.45476,18.0,76.09465880794605
50.52649,3.45483,18.0,76.10211359351923
50.52649,3.45497,18.0,76.1120409864793
50.52647,3.45514,18.0,76.12429926281654
50.52624,3.4562,18.0,76.20369912409676
50.52616,3.45664,19.0,76.23615941878195
50.52605,3.45763,19.0,76.3074192904103
50.52591,3.45913,19.0,76.4149194277198
50.52583,3.45989,19.0,76.46954151596226
50.52578,3.46056,18.0,76.51738678396848
50.52577,3.46087,18.0,76.53939732829913
50.5258,3.46109,18.0,76.55535069628526
50.52585,3.46134,18.0,76.57393047583754
50.52596,3.46177,18.0,76.60678575213235
50.52606,3.46218,18.0,76.63791457090055
50.52612,3.46258,18.0,76.667053482578
50.52615,3.46282,18.0,76.68439610862032
50.52618,3.46308,18.0,76.70313241592265
50.52621,3.4633,18.0,76.71908565176953
50.52623,3.46342,18.0,76.72788092886616
50.52628,3.4636,18.0,76.74180398694162
50.52638,3.46388,19.0,76.76458462671064
50.52642,3.46405,19.0,76.7774343331399
50.52646,3.46425,19.0,76.79229798336694
50.52647,3.46441,19.0,76.80369798583716
50.52645,3.46466,19.0,76.82156454678939
50.52641,3.46514,19.0,76.85589098241991
50.52645,3.4652,19.0,76.86204731398031
50.52652,3.46526,20.0,76.87097677955225
50.52667,3.46536,20.0,76.88910692962786
50.52687,3.46558,22.0,76.91635271632343
50.52707,3.46589,23.0,76.94764445370409
50.52722,3.46622,23.0,76.976384314498
50.52739,3.46661,24.0,77.0099012251134
50.52749,3.46678,24.0,77.02630404746378
50.52686,3.46756,22.0,77.11560368892115
50.52618,3.46825,20.0,77.20571353228513
50.52601,3.46852,20.0,77.23262410705745
50.52509,3.47044,21.0,77.40295125261456
50.5256,3.471,22.0,77.4722077845019
50.52592,3.47141,22.0,77.51816856499396
50.52647,3.47205,23.0,77.59435121974727
50.52681,3.47245,27.0,77.6417956718473
50.52729,3.47297,28.0,77.70669277564393
50.52762,3.47336,34.0,77.75304278905406
50.52798,3.47377,35.0,77.80253935998938
50.5282,3.47403,37.0,77.8332444578048
50.52835,3.47421,38.0,77.85427598356044
50.52848,3.47432,40.0,77.87082780823158
50.52896,3.47465,41.0,77.9291336402878
50.52924,3.47489,42.0,77.96464058665019
50.52942,3.47504,44.0,77.98740131629646
50.52957,3.47514,45.0,78.00555893130851
50.52969,3.47529,45.0,78.02262678130555
50.52992,3.47553,44.0,78.05337072739573
50.53006,3.47569,44.0,78.07263835851582
50.53018,3.47583,44.0,78.08927354342913
50.53026,3.47589,44.0,78.0991373509412
50.53042,3.47593,43.0,78.11718803268883
50.5305,3.47594,43.0,78.12611543618947
50.53056,3.47597,43.0,78.13312059823812
50.53073,3.47613,43.0,78.15517324832052
50.53092,3.47631,43.0,78.17986331920237
50.53104,3.47643,42.0,78.1957247103841
50.53117,3.47659,42.0,78.2141047180384
50.53135,3.47683,44.0,78.24045805186263
50.5315,3.47709,42.0,78.26540323756396
50.5317,3.47743,41.0,78.29822266362969
50.53188,3.47774,40.0,78.32797221403304
50.53194,3.47789,40.0,78.3405283856077
50.53196,3.47806,40.0,78.35278533399692
50.53192,3.47822,39.0,78.36501205087444
50.53185,3.47836,39.0,78.37762813330788
50.53175,3.47846,40.0,78.39085744197735
50.53164,3.47853,39.0,78.40409989155161
50.53154,3.47869,39.0,78.41998821653873
50.53148,3.47889,39.0,78.43566096599436
50.53139,3.4792,38.0,78.45983421978653
50.53137,3.4795,38.0,78.4812211062234
50.53137,3.48024,37.0,78.53369874562196
50.53128,3.4808,37.0,78.57464711825718
50.53116,3.48114,37.0,78.60220323968467
50.53104,3.48143,37.0,78.62671820920963
50.53098,3.48151,39.0,78.63570276476881
50.53087,3.48169,41.0,78.65349642562983
50.53067,3.48184,42.0,78.6781761511887
50.53046,3.48215,43.0,78.71026728614889
50.53044,3.48231,43.0,78.7218280670164
50.53045,3.48248,42.0,78.73397425328446
50.53049,3.48284,42.0,78.75988470760915
50.53053,3.48314,41.0,78.7816393681873
50.53057,3.48341,41.0,78.80129378185192
50.53066,3.48373,41.0,78.82609369862973
50.53068,3.48391,41.0,78.83904887062394
50.53066,3.48409,41.0,78.85200404261819
50.5306,3.48443,41.0,78.87701828689084
50.53053,3.48458,41.0,78.8901997337333
50.53049,3.48476,42.0,78.90375284457116
50.53046,3.48488,42.0,78.91289240878797
50.53039,3.48498,43.0,78.92347109015277
50.5303,3.48506,43.0,78.93497794862724
50.53022,3.48523,43.0,78.94996091735902
50.53008,3.48546,46.0,78.97270934904452
50.53001,3.48568,47.0,78.99017261995657
50.52989,3.48594,47.0,79.01293337198774
50.52985,3.48609,47.0,79.02446241372832
50.52977,3.48648,46.0,79.05352936684761
50.52966,3.48687,46.0,79.08376881955722
50.52948,3.48743,46.0,79.12823889455564
50.52946,3.48784,46.0,79.15739527671853
50.52929,3.48827,46.0,79.1932732856535
50.52919,3.4884,47.0,79.20775469865612
50.52906,3.48864,47.0,79.23008679328964
50.52896,3.48883,47.0,79.24755804415092
50.52871,3.48911,47.0,79.28172782561296
50.52861,3.48927,47.0,79.297616668259
50.52845,3.48944,47.0,79.31911289413758
50.52832,3.48958,48.0,79.33668197718637
50.52812,3.4898,48.0,79.36385410397588
50.52799,3.49003,49.0,79.38567392080397
50.52788,3.49013,49.0,79.39981638597301
50.5278,3.4901,49.0,79.40896630693487
50.52708,3.48944,50.0,79.50173533303548
50.5263,3.48887,52.0,79.59747576905362
50.52601,3.4887,52.0,79.63191416014082
50.52587,3.48848,52.0,79.65395756188359
50.52575,3.48841,52.0,79.66819940169697
50.52562,3.48848,53.0,79.68352147900016
50.52551,3.48849,54.0,79.69581914670829
50.52542,3.48854,53.0,79.70648702221406
50.52511,3.48879,52.0,79.74527438093017
50.52495,3.48892,51.0,79.76534342392829
50.52484,3.48904,51.0,79.78024784082527
50.52479,3.48931,50.0,79.80021087813776
50.52465,3.48981,50.0,79.8389368261014
50.52461,3.49005,50.0,79.85652802137011
50.52612,3.49152,47.0,80.05423952920964
50.52653,3.49189,47.0,80.10685607701556
50.5273,3.49265,46.0,80.2080589468652
50.52773,3.49314,45.0,80.2671880371803
50.52809,3.49343,44.0,80.31221653516319
50.52829,3.49364,45.0,80.3390065331429
50.52784,3.49424,43.0,80.4047321508476
50.5277,3.49443,43.0,80.42532455872964
50.52742,3.49484,41.0,80.4679785061993
50.52712,3.49529,40.0,80.5141615882021
50.52692,3.49559,39.0,80.54495940240295
50.52663,3.49604,37.0,80.59037843029182
50.52662,3.49612,37.0,80.5961592651953
50.52669,3.49636,37.0,80.61487448130401
50.52675,3.49651,37.0,80.62743163209316
50.52677,3.4966,38.0,80.63426376906912
50.52678,3.49671,38.0,80.64214276343984
50.52679,3.49696,38.0,80.65990506310622
50.52681,3.49718,38.0,80.67566304368864
50.52687,3.49744,37.0,80.69529598241829
50.52694,3.49782,37.0,80.72334416912516
50.52698,3.49794,37.0,80.73294647409142
50.52714,3.4981,37.0,80.75405339993944
50.5272,3.49817,37.0,80.76237116522454
50.52724,3.49823,37.0,80.76852746549503
50.52735,3.49834,38.0,80.783072873573
50.52754,3.49856,38.0,80.80934206065491
50.52779,3.49883,40.0,80.84316418650076
50.52797,3.49915,40.0,80.87342622674879
50.52777,3.49931,39.0,80.89841999647959
50.52754,3.49945,37.0,80.925936354313
50.52721,3.50001,36.0,80.98002296951276
50.52696,3.50044,36.0,81.0212915254996
50.52677,3.50072,36.0,81.05029015860421
50.52657,3.50093,35.0,81.07708037989208
50.52645,3.50116,35.0,81.09815605117821
50.5263,3.50162,35.0,81.13479488307065
50.52621,3.50191,35.0,81.157666516382
50.52614,3.50212,35.0,81.17447076325489
50.52606,3.50231,35.0,81.1906175340956
50.52598,3.50249,35.0,81.20617754483033
50.5259,3.50265,35.0,81.22059703176232
50.52581,3.50284,35.0,81.23738263206828
50.52574,3.50296,35.0,81.24891705806733
50.52566,3.50314,35.0,81.26447713933197
50.52561,3.5033,35.0,81.27711294245802
50.52557,3.50345,34.0,81.28868613224263
50.52552,3.50361,34.0,81.30132195272982
50.52546,3.50375,35.0,81.31332633706374
50.5254,3.50383,35.0,81.32208588447556
50.52531,3.5039,35.0,81.33326046908991
50.52521,3.50395,35.0,81.34493583479592
50.52511,3.50397,35.0,81.35614985723936
50.52503,3.50397,35.0,81.36504903952634
50.52492,3.50394,35.0,81.3774689669316
50.52481,3.50389,35.0,81.3902086828242
50.52454,3.50379,36.0,81.42108540514258
50.52448,3.50377,36.0,81.42790881422036
50.52437,3.50374,36.0,81.44032874666408
50.52424,3.50372,36.0,81.45485929960441
50.52408,3.50369,37.0,81.472812229777
50.52391,3.5037,37.0,81.49173628596931
50.52395,3.5038,37.0,81.50010807286328
50.52397,3.50389,37.0,81.50686698581177
50.52398,3.50398,37.0,81.51334545716094
50.524,3.50408,37.0,81.52077765326217
50.524,3.50417,37.0,81.52715990355797
50.52399,3.50428,37.0,81.53503935031935
50.52398,3.50448,37.0,81.54926569070663
50.52396,3.50458,37.0,81.55669788966519
50.52396,3.50468,36.0,81.56385944523552
50.52395,3.50477,36.0,81.57033791822771
50.524,3.50511,36.0,81.59508186963319
50.52404,3.50524,36.0,81.60531833121361
50.5241,3.50541,36.0,81.61909797947237
50.5242,3.5057,37.0,81.64250012812568
50.52424,3.50581,37.0,81.65148047006808
50.52432,3.50608,37.0,81.67259419083216
50.52439,3.50631,37.0,81.69066772153026
50.52441,3.50637,37.0,81.69546907754761
50.5245,3.50667,38.0,81.71900231721507
50.52461,3.50698,38.0,81.7441614822668
50.52467,3.50713,38.0,81.75671902981426
50.52472,3.50728,38.0,81.76872236310153
50.52477,3.5074,38.0,81.77888838112482
50.52485,3.50756,38.0,81.79330808696027
50.52491,3.50766,38.0,81.80304633235642
50.52498,3.50783,38.0,81.8173976407657
50.52504,3.50795,37.0,81.82825852588537
50.52511,3.50809,38.0,81.84091529038689
50.52518,3.50824,38.0,81.85409770987299
50.52524,3.50838,38.0,81.86606042537713
50.52531,3.50857,38.0,81.8816220226545
50.52544,3.50891,38.0,81.9097364152241
50.5258,3.50974,37.0,81.9809319156554
50.52606,3.51031,37.0,82.03063322391355
50.52635,3.51094,36.0,82.08574597239934
50.52643,3.51087,36.0,82.09593587092695
50.52648,3.51087,36.0,82.10149786205895
50.52651,3.51087,36.0,82.10483505676234
50.52653,3.5109,36.0,82.10791322797098
50.52654,3.51096,36.0,82.11231085151849
50.52653,3.51135,36.0,82.13998814713207
50.52652,3.51183,35.0,82.17405784292492
50.52651,3.51213,35.0,82.19535993779684
50.52652,3.51221,35.0,82.20114078382875
50.52652,3.51236,35.0,82.21177729783518
50.52653,3.51257,35.0,82.22670990731257
50.52655,3.51278,35.0,82.2417663004262
50.52659,3.51302,35.0,82.25935677969224
50.52664,3.51326,36.0,82.2772889107937
50.52675,3.51357,36.0,82.3024472014696
50.52685,3.51384,35.0,82.32461243301655
50.527,3.51411,36.0,82.35002845720732
50.52704,3.51417,35.0,82.35626545703668
50.52706,3.5142,35.0,82.35934361144285
50.52711,3.51427,35.0,82.36679837747079
50.5272,3.51439,35.0,82.37993749995198
50.52728,3.5145,35.0,82.39177115421745
50.52746,3.51475,35.0,82.4185140234212
50.5276,3.51493,35.0,82.4386496714562
50.52764,3.51498,35.0,82.44433903852486
50.52771,3.51506,35.0,82.45397300141131
50.52786,3.51526,35.0,82.47587141796892
50.528,3.51547,35.0,82.4974183091172
50.52812,3.51571,35.0,82.51904694254857
50.52825,3.51596,35.0,82.54192419465954
50.52836,3.51623,35.0,82.56464555449428
50.52836,3.51624,35.0,82.56535462785189
50.5284,3.516,35.0,82.582944477607
50.52828,3.5157,35.0,82.60805815634487
50.52781,3.51483,35.0,82.68892294251998
50.5281,3.51432,34.0,82.73739401184518
50.52906,3.51279,35.0,82.8896265298976
50.52996,3.51127,36.0,83.03673184202447
50.53064,3.51007,38.0,83.15059755247817
50.53124,3.50894,39.0,83.25488142741627
50.53111,3.50823,39.0,83.30725858910137
50.53133,3.50777,38.0,83.34804686123351
50.53154,3.50722,39.0,83.39351593407424
50.53203,3.50588,41.0,83.5030686298278
50.53246,3.50448,41.0,83.61325484729615
50.53277,3.50332,42.0,83.70244255283588
50.53306,3.50208,42.0,83.79609101086561
50.53318,3.50154,42.0,83.83663752714139
50.5334,3.50036,43.0,83.92381123208807
50.53361,3.49912,46.0,84.01482701922416
50.53408,3.49614,43.0,84.23250016517245
50.53413,3.4967,44.0,84.27260366905183
50.53432,3.49985,51.0,84.49704160181328
50.53448,3.49972,51.0,84.51708489976345
50.5351,3.49911,52.0,84.59849792857992
50.53667,3.49755,49.0,84.80524073792301
50.53781,3.49642,47.0,84.95525219259389
50.53927,3.49496,46.0,85.14784254329327
50.53968,3.49456,46.0,85.20154744288904
50.53982,3.49442,46.0,85.2200146266463
50.54018,3.49413,45.0,85.26504080642052
50.53891,3.4904,43.0,85.56484365360379
50.53928,3.48988,40.0,85.62017870832746
50.53953,3.48949,38.0,85.65944418629024
50.5404,3.48825,36.0,85.79020040185479
50.54115,3.48722,36.0,85.90106890896857
50.54161,3.48664,35.0,85.96671837807298
50.54286,3.48955,37.0,86.21549604396425
50.54326,3.49016,37.0,86.27754120025112
50.54375,3.49092,36.0,86.3541852832622
50.54378,3.4919,37.0,86.42373916327746
50.54395,3.49306,37.0,86.50811134415359
50.54396,3.49327,37.0,86.52303848748278
50.54404,3.49346,37.0,86.53918102525881
50.54413,3.49363,37.0,86.55484757674917
50.54515,3.49474,35.0,86.69293759758304
50.5455,3.49511,35.0,86.73988096800927
50.54565,3.49535,35.0,86.76370987681155
50.54579,3.49557,36.0,86.78577131916147
50.54568,3.49579,37.0,86.80561821738698
50.54514,3.49666,39.0,86.89172984230578
50.54451,3.49775,43.0,86.99611777454466
50.54399,3.49865,46.0,87.08228548934511
50.54386,3.49873,46.0,87.09781883211618
50.54369,3.49892,46.0,87.1210353828449
50.54243,3.50103,52.0,87.32610198048064
50.54124,3.50291,55.0,87.51396588781503
50.53988,3.5051,58.0,87.73075739966464
50.53829,3.50753,57.0,87.97765922808513
50.53698,3.50958,56.0,88.18347018572686
50.53583,3.51133,52.0,88.36172226712439
50.53453,3.51343,46.0,88.56936435508065
50.53453,3.5136,46.0,88.58141705082639
50.532,3.51751,36.0,88.97658466030326
50.53166,3.51804,36.0,89.02990058602965
50.53128,3.51847,35.0,89.08202907064127
50.53106,3.51878,35.0,89.11492338373284
50.53094,3.51901,35.0,89.13599786388669
50.53084,3.51913,35.0,89.1500027356357
50.53071,3.51934,35.0,89.17075921525031
50.53052,3.51968,35.0,89.20281973226069
50.52957,3.52119,33.0,89.35326903315915
50.52922,3.52168,32.0,89.40546083791847
50.52868,3.52254,31.0,89.49106366842236
50.52779,3.52397,32.0,89.63278229039969
50.52718,3.52498,34.0,89.73146141787021
50.52695,3.52538,34.0,89.76965958442437
50.52683,3.5255,34.0,89.78548978746826
50.52672,3.52546,35.0,89.79809034506535
50.52663,3.52537,35.0,89.8099630144842
50.5266,3.52523,35.0,89.82043631386917
50.52659,3.52499,35.0,89.83749102619846
50.52597,3.52532,35.0,89.91032137332402
50.52584,3.52542,35.0,89.92642756014156
50.52569,3.52562,34.0,89.94834918307066
50.52561,3.52588,33.0,89.9688459359664
50.52559,3.52625,33.0,89.99517732961665
50.52561,3.5264,33.0,90.00604422761876
50.52553,3.52639,33.0,90.0149716154421
50.52533,3.52637,33.0,90.03726472362439
50.52413,3.52597,32.0,90.17373647159194
50.52368,3.52581,32.0,90.22506411626243
50.52318,3.52565,32.0,90.28182948502429
50.52289,3.52564,31.0,90.31411227722889
50.52238,3.52579,31.0,90.37183315315633
50.52248,3.52712,31.0,90.46680538761971
50.52255,3.52778,31.0,90.51425329456013
50.52258,3.52787,31.0,90.52145554065332
50.52343,3.528,31.0,90.61645762233746
50.52334,3.52915,32.0,90.69862790090221
50.52311,3.52963,32.0,90.74121036084871
50.52328,3.53141,32.0,90.86884781784009
50.52327,3.53244,31.0,90.94190549736066
50.52332,3.53297,31.0,90.97989969998966
50.52329,3.53313,31.0,90.99172666702647
50.5233,3.53384,30.0,91.04209844342094
50.52344,3.53519,30.0,91.13909180005449
50.52356,3.53639,30.0,91.22522988626082
50.5236,3.53672,30.0,91.2490509167837
50.52363,3.53693,30.0,91.26431227851552
50.5236,3.53703,30.0,91.27214971085057
50.52346,3.537,30.0,91.28786790171355
50.5229,3.53783,29.0,91.37357674689122
50.52269,3.5381,28.0,91.40379793712843
50.52196,3.53882,27.0,91.49972672789681
50.52176,3.53907,28.0,91.52819242778648
50.52187,3.5392,28.0,91.54351308001498
50.52238,3.53973,28.0,91.61156625298857
50.52294,3.54041,29.0,91.69035076358324
50.52307,3.54064,30.0,91.7121718083215
50.52318,3.5409,30.0,91.73430065636843
50.52334,3.54146,31.0,91.77783056210195
50.5237,3.54306,31.0,91.89815353981719
50.52383,3.54363,32.0,91.94109523541371
50.52412,3.54463,32.0,92.01900193489726
50.52419,3.54492,32.0,92.04099172595853
50.52412,3.54506,32.0,92.05360906429512
50.52348,3.54545,32.0,92.12998565908116
50.52324,3.54564,31.0,92.15990724601285
50.52271,3.54594,31.0,92.2225853098242
50.52238,3.54607,32.0,92.2604475444223
50.52201,3.54626,32.0,92.3037556190029
50.52161,3.5466,31.0,92.35437440523191
50.52142,3.54668,31.0,92.37625814834007
50.52116,3.54668,31.0,92.40518045373913
50.52083,3.54662,31.0,92.44213532196554
50.52067,3.54667,31.0,92.46028345037452
50.52063,3.54655,31.0,92.46988674965898
50.52061,3.54563,36.0,92.53536126829081
50.52035,3.54558,38.0,92.56456871445056
50.52001,3.54547,38.0,92.6031863884518
50.51982,3.54527,39.0,92.62865985569668
50.51951,3.54479,39.0,92.67711614873053
50.51909,3.54407,38.0,92.74633508554507
50.51882,3.54342,42.0,92.80150028991078
50.51866,3.54292,42.0,92.84117721371045
50.51859,3.54273,41.0,92.856772548327
50.5185,3.54254,40.0,92.87358958432935
50.51824,3.54159,32.0,92.94734629811151
50.51798,3.54102,29.0,92.99714341430763
50.51802,3.54086,30.0,93.00937320969003
50.51807,3.5407,29.0,93.02205013612355
50.51811,3.54034,27.0,93.04804416689964
50.51811,3.54002,27.0,93.07073940137504
50.51809,3.53979,27.0,93.08720262296355
50.51802,3.53927,25.0,93.12494852120996
50.51792,3.53853,24.0,93.1786066355248
50.5179,3.53842,24.0,93.18671917768704
50.5179,3.53814,24.0,93.20657758664257
50.51787,3.53799,24.0,93.2177271664423
50.5173,3.53682,23.0,93.32216430490443
50.51738,3.53669,23.0,93.33497854973359
50.51746,3.5361,23.0,93.37775929854946
50.51749,3.53558,23.0,93.41479020437887
50.51751,3.53532,23.0,93.43336403338868
50.51768,3.53416,22.0,93.51778643734146
50.51764,3.53373,22.0,93.54860631683295
50.51718,3.53365,22.0,93.60009005027871
50.51661,3.53393,22.0,93.66653364617312
50.51645,3.53394,22.0,93.68434607411476
50.51568,3.53394,22.0,93.77000039570417
50.51507,3.53389,22.0,93.83794901572699
50.51504,3.53387,22.0,93.84157517604724
50.51414,3.53349,22.0,93.94525515308752
50.5136,3.53337,22.0,94.00592441136436
50.51301,3.53337,22.0,94.07155561350613
50.51276,3.53335,22.0,94.09940160170507
50.51244,3.5333,22.0,94.13517441887194
50.51187,3.53314,22.0,94.19958849004688
50.51187,3.53325,22.0,94.20739099931437
50.51162,3.53351,23.0,94.24077522476115
50.51132,3.53381,23.0,94.2803543158272
50.51122,3.53369,23.0,94.29436127508508
50.51122,3.53364,23.0,94.29790791945808
50.51116,3.53357,23.0,94.30622665212194
50.51093,3.53332,23.0,94.337356440101
50.51072,3.53304,24.0,94.3680350272334
50.51071,3.533,24.0,94.37108264137174
50.51071,3.53294,24.0,94.37533866113446
50.51072,3.53288,24.0,94.37973765179389
50.51068,3.53287,24.0,94.38424340959871
50.51065,3.53284,24.0,94.38820133838882
50.51061,3.53281,24.0,94.39313359300623
50.51056,3.53273,24.0,94.40107952090506
50.51035,3.53244,24.0,94.43220607376205
50.51028,3.53233,24.0,94.44322953433581
50.51001,3.53291,24.0,94.49416815705688
50.50996,3.53291,24.0,94.49973012189542
50.50969,3.53254,25.0,94.53962909027413
50.50925,3.53354,24.0,94.62581778033422
50.50919,3.53384,24.0,94.64812065348828
50.50871,3.53362,24.0,94.70374939709022
50.50855,3.53351,24.0,94.72318303832222
50.50843,3.5329,25.0,94.76847781312992
50.50841,3.53277,25.0,94.77796420879005
50.5083,3.53276,25.0,94.79022107475322
50.50822,3.53274,25.0,94.79923259958308
50.50811,3.53273,25.0,94.81148946531052
50.508,3.53276,25.0,94.82390946830874
50.50792,3.53278,25.0,94.83292099409964
50.5078,3.53281,24.0,94.84647522139824
50.50764,3.53286,24.0,94.8646234813645
50.50747,3.53292,23.0,94.88403300466268
50.50728,3.533,23.0,94.90591710995194
50.50718,3.53304,23.0,94.91739723935808
50.50707,3.5331,22.0,94.93039123076281
50.50697,3.53318,22.0,94.9428791748581
50.50693,3.53321,22.0,94.94781149674738
50.50688,3.53326,22.0,94.9544081910683
50.50685,3.5333,22.0,94.95878866843182
50.50682,3.53334,22.0,94.9631691469468
50.50671,3.53345,21.0,94.97771629716775
50.50653,3.53369,20.0,95.00401822847327
50.50655,3.53392,20.0,95.02048537875412
50.50657,3.53419,20.0,95.03976791024611
50.50659,3.53443,20.0,95.05693820821556
50.50662,3.53463,20.0,95.07151335033763
50.50666,3.53486,20.0,95.08842532525574
50.50669,3.53505,20.0,95.10231084551549
50.50669,3.53525,20.0,95.11649877380297
50.50669,3.53544,20.0,95.12997730567612
50.5067,3.53562,21.0,95.1428337525722
50.50672,3.53588,22.0,95.16143864406989
50.50677,3.536,22.0,95.17160733656709
50.50677,3.53605,22.0,95.17515431375594
50.50677,3.53611,21.0,95.17952657919894
50.50675,3.53618,21.0,95.1849679501156
50.50669,3.53629,21.0,95.1952363159964
50.50668,3.53639,21.0,95.20241696841728
50.50668,3.53656,22.0,95.21451810206345
50.50668,3.5366,22.0,95.21735568920825
50.50671,3.53665,22.0,95.22222578473335
50.50674,3.53676,22.0,95.23071278229402
50.50656,3.53711,22.0,95.26260944657552
50.50647,3.53731,23.0,95.28000282619446
50.50639,3.53743,23.0,95.29231796047728
50.50624,3.53752,23.0,95.31018362655979
50.50482,3.53922,24.0,95.50892143293723
50.50485,3.53884,23.0,95.53610373900317
50.50485,3.5384,23.0,95.56731840885149
50.50479,3.53796,23.0,95.5992386815169
50.50478,3.53733,23.0,95.6439463158124
50.50467,3.53748,23.0,95.66016255809728
50.50451,3.53775,23.0,95.68630974877746
50.50431,3.53809,23.0,95.71912395201404
50.5041,3.53846,23.0,95.75426243705822
50.50393,3.53879,23.0,95.78435740919419
50.50382,3.539,23.0,95.80363651989913
50.5038,3.53904,23.0,95.80724242336457
50.50344,3.53965,23.0,95.86620429795144
50.50329,3.53989,22.0,95.89006487992
50.50321,3.54002,22.0,95.90288108254933
50.50315,3.54012,22.0,95.91262165437723
50.5031,3.54022,22.0,95.92163649198591
50.50306,3.54032,22.0,95.9300108972091
50.50301,3.54051,22.0,95.9445928841232
50.5029,3.54092,22.0,95.97614939010494
50.50276,3.5414,22.0,96.01359529075147
50.5027,3.54161,22.0,96.02992056127354
50.50265,3.54175,22.0,96.04130422618121
50.50261,3.54187,21.0,96.05096228588076
50.50257,3.54196,21.0,96.05874485602337
50.50252,3.54203,21.0,96.06620130221268
50.50235,3.54224,21.0,96.09027582831348
50.50222,3.5424,22.0,96.10868716316136
50.50205,3.54266,21.0,96.13512332498746
50.50188,3.54295,22.0,96.16308624375105
50.50175,3.54318,23.0,96.18491268854653
50.50164,3.54342,23.0,96.20588068018499
50.50152,3.54372,23.0,96.23100446908384
50.50141,3.54407,24.0,96.25870531514678
50.50128,3.54456,24.0,96.29635746583031
50.5011,3.5452,24.0,96.34598294480426
50.50102,3.5455,24.0,96.36905287629395
50.50097,3.54572,25.0,96.38565299804667
50.50086,3.54619,24.0,96.42118698574464
50.50081,3.54647,25.0,96.44184070743877
50.50075,3.54675,25.0,96.4627975383711
50.50068,3.54717,25.0,96.49359656247852
50.50068,3.54721,25.0,96.49643451051877
50.50062,3.54769,26.0,96.53115218969899
50.50059,3.54793,26.0,96.54850384408265
50.50054,3.54837,27.0,96.58022873029776
50.50067,3.54838,27.0,96.59470721621317
50.50078,3.54838,27.0,96.60694352504864
50.50081,3.54942,27.0,96.68080544542497
50.50082,3.54954,27.0,96.68939163137601
50.50084,3.54964,27.0,96.69682712435515
50.50086,3.54973,27.0,96.70358896667207
50.50088,3.5498,27.0,96.70903090549106
50.50113,3.55047,28.0,96.76411258679131
50.50128,3.55087,28.0,96.79703364978043
50.50188,3.55255,28.0,96.93364015548198
50.50196,3.55275,28.0,96.95038927516815
50.5021,3.55305,28.0,96.97676242100404
50.50274,3.55439,29.0,97.09553678102188
50.50279,3.55449,29.0,97.10455167074768
50.50301,3.55494,29.0,97.1447778249712
50.50305,3.55499,29.0,97.15046832017218
50.50313,3.55513,29.0,97.16380419859836
50.50317,3.5552,29.0,97.17047213315604
50.50321,3.55526,29.0,97.17662990561814
50.50344,3.55554,29.0,97.20902116402345
50.50373,3.55585,29.0,97.24806408327368
50.50383,3.55595,29.0,97.26125773308323
50.50388,3.55601,29.0,97.2682616187381
50.50391,3.55607,29.0,97.27367047303615
50.50393,3.55612,29.0,97.2778576271031
50.50401,3.55638,28.0,97.2983619473808
50.50408,3.55661,28.0,97.31644175767575
50.50436,3.55764,28.0,97.39587483242039
50.50429,3.55771,28.0,97.4051103557234
50.5041,3.55786,28.0,97.42877360908847
50.50471,3.5593,28.0,97.55141420408495
50.50477,3.55946,28.0,97.56458190089472
50.50556,3.56187,30.0,97.75682540110863
50.50589,3.5628,30.0,97.83232567253981
50.506,3.56308,29.0,97.85567698847676
50.50611,3.56337,28.0,97.87963461086034
50.50619,3.56352,28.0,97.89350642964581
50.50563,3.56397,29.0,97.96351105191546
50.50355,3.56573,29.0,98.22642839981141
50.50376,3.56646,28.0,98.28325124121066
50.50372,3.56661,28.0,98.29478565932848
50.50366,3.56672,28.0,98.30505441368427
50.50222,3.56897,27.0,98.53119785002256
50.50203,3.56931,27.0,98.56326917401881
50.50194,3.56953,27.0,98.58181234985123
50.50192,3.56978,26.0,98.59971599720303
50.50276,3.57038,25.0,98.70240102561684
50.50336,3.57094,25.0,98.78007413108978
50.50516,3.57285,25.0,99.0218447066053
50.50707,3.57487,24.0,99.27812202343848
50.50775,3.57508,25.0,99.35522417008798
50.50793,3.57512,26.0,99.37547200641674
50.50807,3.57505,26.0,99.39181800098922
50.50854,3.57515,27.0,99.44458899842807
50.50939,3.57612,28.0,99.56153310730673
50.50945,3.57612,28.0,99.56820746865141
50.51018,3.57814,29.0,99.73290990538014
50.51011,3.57831,29.0,99.7472643498741
50.51025,3.57854,29.0,99.76981898451857
50.51039,3.57887,29.0,99.79793452820877
50.5105,3.57916,29.0,99.8218696385491
50.51061,3.57953,29.0,99.85082749350246
50.51097,3.5805,30.0,99.93044474728619
50.51104,3.58072,29.0,99.94791356773528
50.51107,3.58085,29.0,99.95772017043255
50.51109,3.58101,29.0,99.96928548208365
50.51112,3.58135,28.0,99.99365306433765
50.51115,3.58148,28.0,100.00345965086318
50.5112,3.58169,28.0,100.01936010054007
50.51138,3.58218,28.0,100.05947218729654
50.51126,3.58234,28.0,100.07699342924917
50.51117,3.58252,28.0,100.09321844388018
50.51112,3.58268,28.0,100.10585734658459
50.51112,3.58283,28.0,100.11649731050294
50.51116,3.58311,28.0,100.136850891899
50.51125,3.58338,28.0,100.15846168398292
50.51122,3.58345,28.0,100.16444424446608
50.51092,3.58448,29.0,100.24477240035817
50.51087,3.58474,28.0,100.2640614760106
50.51089,3.58494,28.0,100.2784215549425
50.51104,3.58575,28.0,100.33825140270108
50.51111,3.58623,28.0,100.37317838699688
50.51114,3.58668,27.0,100.40528782322126
50.51116,3.58702,27.0,100.42950745538519
50.51113,3.58753,27.0,100.4658369074354
50.51112,3.58775,27.0,100.48148178100159
50.51107,3.58783,27.0,100.4894276693206
50.51135,3.58856,29.0,100.54988770183763
50.51102,3.5888,28.0,100.59036441920094
50.51093,3.5889,28.0,100.60263415318879
50.51048,3.58947,28.0,100.66698117836151
50.51032,3.58964,29.0,100.68850313067816
50.51023,3.5898,29.0,100.70363726978933
50.51003,3.59025,29.0,100.74254601520546
50.50992,3.59047,29.0,100.76237691178683
50.50968,3.5909,30.0,100.80292480151316
50.50954,3.59121,30.0,100.8298709148691
50.50947,3.5912,30.0,100.8376899158753
50.50928,3.59126,31.0,100.85927286097599
50.5092,3.59137,31.0,100.87110844291041
50.50909,3.59149,31.0,100.88601440290415
50.50904,3.59163,31.0,100.89739691742884
50.50901,3.59174,31.0,100.90588357893934
50.5089,3.59187,32.0,100.92123832326716
50.50888,3.59192,32.0,100.92542516491052
50.50884,3.59203,31.0,100.93446318474115
50.50881,3.59213,31.0,100.94230262000059
50.50882,3.59218,31.0,100.94601979852564
50.50883,3.59224,32.0,100.95053118520188
50.50888,3.59243,32.0,100.96511166559416
50.50889,3.59251,32.0,100.9708945822445
50.5089,3.59258,32.0,100.97598321045017
50.5089,3.59266,32.0,100.98165812752671
50.5089,3.59275,32.0,100.98804240923789
50.50889,3.59284,32.0,100.99452287853649
50.50887,3.59303,32.0,101.00818319995207
50.50885,3.59312,32.0,101.01494402865863
50.50883,3.5932,32.0,101.0210394735462
50.50881,3.59326,32.0,101.02584206438561
50.50879,3.59331,32.0,101.03002891172183
50.50877,3.59336,32.0,101.03421576032403
50.50875,3.59339,32.0,101.037294476491
50.50873,3.59342,32.0,101.04037319327385
50.50868,3.59346,32.0,101.04661713066433
50.50864,3.59347,32.0,101.05112289738754
50.50858,3.59347,32.0,101.0577972619861
50.50852,3.59347,32.0,101.06447162651664
50.50849,3.59346,33.0,101.06802690339818
50.50838,3.59339,33.0,101.08123239989523
50.50829,3.59332,33.0,101.09240774778682
50.50823,3.59326,33.0,101.10032373044736
50.50817,3.59312,33.0,101.11228938721928
50.50813,3.59313,33.0,101.11679515546646
50.50799,3.5932,33.0,101.13314116623181
50.50784,3.59334,33.0,101.15255895812413
50.50766,3.59349,33.0,101.1752338212815
50.50749,3.59354,33.0,101.19447427892018
50.5074,3.59352,33.0,101.20458585543088
50.50735,3.59351,33.0,101.21019288165685
50.50729,3.59351,33.0,101.21686724581718
50.50726,3.59362,33.0,101.22535417477329
50.50725,3.5941,34.0,101.25943770668997
50.50719,3.59582,36.0,101.38165158777046
50.50716,3.59636,36.0,101.42010378487457
50.50715,3.5974,33.0,101.4939498033633
50.50592,3.59744,34.0,101.63080733562477
50.50589,3.59749,34.0,101.63567748309606
50.50583,3.59779,33.0,101.65800423519914
50.50562,3.59889,31.0,101.73948562345181
50.50561,3.59897,31.0,101.7452689237022
50.50556,3.59922,31.0,101.76385596980145
50.50553,3.5994,31.0,101.77705430447075
50.50541,3.60003,31.0,101.82369838960716
50.50535,3.60001,31.0,101.8305218909465
50.50525,3.6,31.0,101.84166842213797
50.50517,3.59999,31.0,101.85059580020406
50.505,3.59998,32.0,101.86954619204083
50.50487,3.59999,32.0,101.88402469693807
50.50478,3.60001,33.0,101.89418560711154
50.50471,3.60003,33.0,101.90210057367891
50.50381,3.60044,34.0,102.00636053308752
50.50379,3.60024,34.0,102.02072272100826
50.50326,3.60059,36.0,102.08472639314094
50.50321,3.60062,36.0,102.09068167402097
50.50248,3.60114,36.0,102.17987364302333
50.5016,3.60054,36.0,102.28661921140028
50.501,3.6,37.0,102.36358354334627
50.50089,3.59991,37.0,102.37738573698228
50.50078,3.59984,37.0,102.39059152660892
50.50065,3.59978,37.0,102.40566618320712
50.50052,3.59972,37.0,102.42074084279243
50.4997,3.59936,38.0,102.51547095627501
50.49964,3.59934,38.0,102.52229449424591
50.49951,3.59928,38.0,102.53736917941345
50.49878,3.59897,37.0,102.62150584171974
50.4985,3.59886,37.0,102.65361580004407
50.49707,3.5983,41.0,102.81762418222705
50.497,3.59827,41.0,102.82569664196657
50.49686,3.59822,41.0,102.84166913400703
50.49662,3.59858,42.0,102.87863175405467
50.49624,3.59917,44.0,102.93815818273718
50.49622,3.59921,44.0,102.94176445374174
50.4962,3.59925,44.0,102.94537072568576
50.49617,3.59934,44.0,102.95257613195659
50.49616,3.59942,44.0,102.95836055506066
50.49615,3.59952,44.0,102.96554279150898
50.49611,3.59993,45.0,102.99498993918942
50.49585,3.60015,46.0,103.0278712123307
50.49579,3.60018,46.0,103.03487681349425
50.49574,3.60021,46.0,103.04083221700394
50.49568,3.60023,46.0,103.04765578374827
50.49561,3.60023,46.0,103.05544254211533
50.49554,3.60023,46.0,103.06322930038695
50.49452,3.60004,49.0,103.17753104298062
50.49408,3.60046,52.0,103.23491433874663
50.49399,3.60053,52.0,103.24609036420571
50.49383,3.6002,53.0,103.27552016996685
50.4937,3.60003,52.0,103.2943786574708
50.49338,3.59966,53.0,103.33862173633133
50.49315,3.59945,53.0,103.36823009311313
50.49286,3.5991,53.0,103.4089425942735
50.49322,3.60062,52.0,103.52400107434887
50.49325,3.60094,52.0,103.54695223905462
50.49322,3.6012,52.0,103.56570126598345
50.49311,3.6014,52.0,103.58444005914109
50.49306,3.6015,52.0,103.59345611687338
50.49306,3.6016,52.0,103.60055215845337
50.49309,3.60169,52.0,103.60775794452728
50.49314,3.60172,52.0,103.61371339383227
50.49327,3.60178,52.0,103.62878825853754
50.49339,3.60191,52.0,103.64501433974068
50.49351,3.6021,53.0,103.66401336760397
50.49366,3.60218,53.0,103.68163851338669
50.49378,3.60236,53.0,103.70011364980523
50.49397,3.60263,54.0,103.72865793779344
50.49413,3.60303,54.0,103.76216029596968
50.49426,3.60337,54.0,103.7902883417457
50.49457,3.60462,54.0,103.88545399017828
50.49482,3.6054,53.0,103.94740320265912
50.49493,3.60589,51.0,103.98431702619197
50.49504,3.60621,51.0,104.01011061051355
50.4952,3.6065,52.0,104.03733594351633
50.49523,3.60675,51.0,104.05541409076865
50.49533,3.60704,51.0,104.07880592518295
50.49552,3.60722,52.0,104.10352109388334
50.49575,3.60746,52.0,104.13425548961976
50.49612,3.60797,55.0,104.18914243705699
50.49636,3.6083,55.0,104.22465350894612
50.49647,3.60864,55.0,104.25170413632385
50.49686,3.60942,58.0,104.32209012283609
50.49698,3.60948,58.0,104.33610132391117
50.49696,3.60974,58.0,104.35468319359146
50.49696,3.61014,58.0,104.38306504968034
50.49696,3.61122,58.0,104.45969606111953
50.49688,3.61127,57.0,104.46932838462789
50.49643,3.61126,54.0,104.51948103535499
50.49611,3.61121,52.0,104.5553099123501
50.49572,3.61132,50.0,104.59943519414502
50.49525,3.61156,48.0,104.65445766523064
50.49514,3.61169,48.0,104.66978144119409
50.49475,3.61204,47.0,104.71978045338264
50.4945,3.61236,47.0,104.75568276387916
50.49419,3.61263,47.0,104.7951317147354
50.49393,3.61264,47.0,104.8240626600578
50.49378,3.61257,47.0,104.84147219859801
50.4935,3.61261,47.0,104.87274828731188
50.49305,3.61286,47.0,104.92585650929641
50.49288,3.61298,47.0,104.9465959396587
50.49271,3.6132,47.0,104.97111795139377
50.49264,3.61331,48.0,104.98218875001567
50.49256,3.61345,48.0,104.99552629601658
50.4925,3.61368,48.0,105.01315934397455
50.4924,3.6147,48.0,105.08638966790498
50.49236,3.61507,48.0,105.11301974961317
50.49224,3.61525,47.0,105.1315221756921
50.49192,3.61525,48.0,105.16713281534237
50.49166,3.61533,48.0,105.19660693638312
50.49126,3.61537,48.0,105.24119312670791
50.49061,3.6155,46.0,105.31411226203528
50.49045,3.61556,46.0,105.33241276388055
50.49024,3.61557,46.0,105.35578379398964
50.48976,3.61587,44.0,105.41330120223721
50.48906,3.61659,43.0,105.50644130849302
50.48871,3.6171,43.0,105.55959923213902
50.48815,3.61764,41.0,105.63276435803226
50.4876,3.6183,42.0,105.70982320898966
50.48674,3.61926,39.0,105.82730794719582
50.48515,3.62243,38.0,106.11348808700866
50.48505,3.62281,36.0,106.14273002883941
50.48493,3.62288,35.0,106.15700829754569
50.48377,3.62517,32.0,106.36455394906356
50.48207,3.62862,22.0,106.67410182928454
50.48128,3.6301,23.0,106.81106293631723
50.48121,3.63021,23.0,106.82208975871991
50.48119,3.63025,23.0,106.82569672306575
50.47965,3.63309,22.0,107.09023775871262
50.47897,3.63429,21.0,107.20415810177225
